Grupo,code,Nombre del CE,Cantidad docentes,Docentes con acceso,Cantidad estudiantes,Estudiantes con accesos
B9,10005,INSTITUTO NACIONAL SANTA RITA,3,0,63,0.00
B7,10013,COMPLEJO EDUCATIVO GENERAL FABIO MORÁN,11,0,629,0.00
B11,10021,CENTRO ESCOLAR CANTON SUNTECUMAT,1,0,38,0.00
B11,10026,CENTRO ESCOLAR ABELINA ARRIAZA,3,0,66,0.00
B11,10029,"CENTRO ESCOLAR CASERIO EL BOTADERO, CANTON EL ROBLE",1,0,37,0.00
B11,10031,COMPLEJO EDUCATIVO DOCTOR ARTURO ROMERO,25,0,1517,0.00
B11,10045,CENTRO ESCOLAR HACIENDA ZACAMIL,3,0,82,0.00
B9,10049,INSTITUTO NACIONAL SAN MIGUEL DE MERCEDES,2,0,46,0.00
B9,10051,CENTRO ESCOLAR RESIDENCIAL LA PRADERA II,4,0,400,0.00
B11,10053,INSTITUTO NACIONAL LUIS REYNALDO TOBAR,3,0,212,0.00
B11,10059,INSTITUTO NACIONAL CANTÓN CARA SUCIA,4,0,330,0.00
B8,10060,INSTITUTO NACIONAL LICENCIADO JOSÉ DANIEL CARÍAS,2,0,126,0.00
B11,10064,CENTRO ESCOLAR LOMAS DE ALARCON,6,6,247,1.00
B11,10066,CENTRO ESCOLAR CANTON RINCON GRANDE,4,0,90,0.00
B11,10067,CENTRO ESCOLAR CANTON SAN JUAN EL ESPINO,4,1,134,0.00
B11,10069,CENTRO ESCOLAR FRAY MARTIN DE PORRES,2,0,27,0.00
B11,10070,"CENTRO ESCOLAR CASERIO EL JICARO, CANTON ZUNCA",3,0,55,0.00
B11,10071,CENTRO ESCOLAR CANTON EL TORTUGUERO,1,0,76,0.00
B8,10073,INSTITUTO NACIONAL CORNELIO AZENÓN SIERRA,10,0,687,1.00
B11,10082,CENTRO ESCOLAR CANTON LA ESPERANZA,2,0,37,0.00
B11,10083,CENTRO ESCOLAR CANTON JOYA DEL PLATANAR,3,0,87,0.00
B11,10087,CENTRO ESCOLAR CANTON LOS TABLONES,3,0,55,0.00
B13,10088,INSTITUTO NACIONAL CANTON LAS PILAS,3,0,79,0.00
B7,10089,INSTITUTO NACIONAL DE COATEPEQUE,4,0,181,0.00
B11,10090,CENTRO ESCOLAR CANTON JOYA DE LOS APANTES,2,0,40,0.00
B8,10093,INSTITUTO NACIONAL DE SONZACATE,7,0,495,0.00
B11,10094,CENTRO ESCOLAR CANTON LA CEIBA ABAJO,2,0,47,0.00
B8,10097,CENTRO ESCOLAR FRANCISCO GAVIDIA,18,0,811,0.00
B11,10098,CENTRO ESCOLAR COLONIA EL ANGEL,2,0,58,0.00
B8,10103,INSTITUTO NACIONAL DE YAMABAL,5,0,101,0.00
B11,10112,CENTRO ESCOLAR CASERIO LOS CALDERON,3,0,73,0.00
B11,10113,CENTRO ESCOLAR CASERIO CUILAPA,2,0,50,0.00
B11,10114,CENTRO ESCOLAR CASERIO EL CARMEN,3,0,78,0.00
B8,10120,CENTRO ESCOLAR DOCTOR SIXTO ALBERTO PADILLA,10,10,620,470.00
B11,10127,CENTRO ESCOLAR HACIENDA NUEVA YORK,3,0,93,0.00
B11,10129,CENTRO ESCOLAR CASERIO SANTA ELENA,2,0,43,0.00
B11,10132,CENTRO ESCOLAR COLONIA NUEVA ESPERANZA,2,0,52,0.00
B11,10136,CENTRO ESCOLAR HACIENDA EL AMATAL,3,3,52,47.00
B11,10149,CENTRO ESCOLAR CANTON EL PORTILLO,3,0,61,0.00
B11,10154,CENTRO ESCOLAR CANTON GUASCOTA,1,1,42,0.00
B11,10159,CENTRO ESCOLAR CANTON LA CONCEPCION,2,0,34,0.00
B11,10164,CENTRO ESCOLAR CANTON MONTE HERMOSO,2,0,56,0.00
B8,10167,INSTITUTO NACIONAL LICENCIADO RENE PORFIRIO OSORIO,3,0,146,0.00
B9,10174,INSTITUTO NACIONAL DE EL ROSARIO,4,0,75,0.00
B11,10189,CENTRO ESCOLAR CASERIO LOS TABLONCITOS,0,0,58,0.00
B11,10190,CENTRO ESCOLAR CANTON CASA DE TEJAS,2,0,63,0.00
B12,10191,"CENTRO ESCOLAR COLONIA SAN JOSÉ, HACIENDA SANTA ADELA",1,0,33,0.00
B7,10204,CENTRO ESCOLAR COATEPEQUE,5,0,296,0.00
B13,10210,CENTRO ESCOLA R MARGARITA PANILLA DE BARILLAS,0,0,41,0.00
B11,10226,CENTRO ESCOLAR CANTON EL CONACASTE,5,0,75,0.00
B12,10228,CENTRO ESCOLAR CASERIO LA GALLINA,0,0,44,0.00
B11,10234,"CENTRO ESCOLAR CASERIO LOMAS DEL COCO, CANTON EL COCO",0,0,87,0.00
B11,10244,CENTRO ESCOLAR CANTON SAN JOSE,3,0,53,0.00
B11,10251,CENTRO ESCOLAR CASERIO SAN JORGE,0,0,74,0.00
B11,10257,CENTRO ESCOLAR CANTON GALEANO,2,0,151,0.00
B11,10258,"CENTRO ESCOLAR HACIENDA NAZARENO, CANTON LA MAGDALENA",2,0,88,1.00
B12,10263,CENTRO ESCOLAR PROFESOR SERGIO OVIDIO GARCIA,2,0,45,0.00
B12,10266,CENTRO ESCOLAR ALFREDO ESPINO,0,0,49,0.00
B11,10267,CENTRO ESCOLAR CANTON EL ARADO,2,0,68,0.00
B11,10276,COMPLEJO EDUCATIVO CANTÓN EL GUINEO,5,0,332,0.00
B7,10277,CENTRO ESCOLAR PARA SORDOS DE SANTA ANA,2,0,36,0.00
B15,10297,CENTRO ESCOLAR PROFESORA CELINA DEL CARMEN PAZ DE MÉNDEZ,2,0,30,0.00
B7,10298,CENTRO ESCOLAR JARDÍN INFANTIL METAPANECO ZOILA TENAS DE FIGUEROA,0,0,56,0.00
B12,10299,"CENTRO ESCOLAR CASERIO BUENOS AIRES, CANTON SAN ANTONIO LA JUNTA",0,0,47,0.00
B10,10305,INSTITUTO NACIONAL PROFESORA ROSA ORBELINA CAÑAS DE FLORES,2,0,92,0.00
B12,10307,"CENTRO ESCOLAR CASERIO SAN JUAN ARRIBA, CANTON SAN JUAN",2,0,57,0.00
B7,10319,CENTRO ESCOLAR REPUBLICA DE TÜRKIYE,0,0,38,0.00
B12,10325,"CENTRO ESCOLAR CASERIO SANTA INES, CANTON MATALAPA",3,0,33,0.00
B11,10326,CENTRO ESCOLAR CENTRAL GUAJOYO,4,6,191,118.00
B11,10327,CENTRO ESCOLAR CANTON CUYUISCAT,0,0,71,0.00
B11,10329,CENTRO ESCOLAR CANTON LA ISLA,3,0,71,0.00
B12,10331,CENTRO ESCOLAR JOSE ANTONIO CASTRO VILLALOBOS,0,0,26,0.00
B11,10341,CENTRO ESCOLAR CANTON SAN MIGUEL INGENIO,4,0,226,0.00
B11,10343,CENTRO ESCOLAR HUMBERTO PARADA SANDOVAL,3,0,82,0.00
B11,10351,CENTRO ESCOLAR HACIENDA VIEJA,4,0,51,0.00
B11,10353,"CENTRO ESCOLAR CASERIO SAN FRANCISCO, CANTON BELEN GUIJAT",9,0,303,0.00
B11,10355,"CENTRO ESCOLAR CASERIO EL COBANO, CANTON LAS PIEDRAS",0,0,70,0.00
B11,10359,CENTRO ESCOLAR CANTON SAN JUAN,2,1,71,0.00
B11,10365,CENTRO ESCOLAR AGUSTIN RIVAS VALDES,2,0,92,0.00
B12,10366,CENTRO ESCOLAR CANTON SAN JOSE INGENIO,2,0,52,0.00
B12,10368,CENTRO ESCOLAR CANTON TAHUILAPA,3,0,46,0.00
B11,10376,CENTRO ESCOLAR HACIENDA OSTUA,0,0,54,0.00
B12,10379,CENTRO ESCOLAR CANTON EL ANGEL,0,0,33,0.00
B13,10386,CENTRO ESCOLAR PADRE MARIO ADÍN CRUZ ZALDÍVAR,0,0,72,0.00
B11,10396,CENTRO ESCOLAR LOMAS DEL TECANA,2,0,112,0.00
B11,10402,CENTRO ESCOLAR CANTON EL PORTEZUELO,10,0,352,0.00
B12,10403,CENTRO ESCOLAR CANTON LOMAS DE SAN MARCELINO,0,0,46,0.00
B7,10422,CENTRO ESCOLAR COLONIA SAN LUIS,3,0,85,0.00
B7,10424,CENTRO ESCOLAR PROFESORA JUANA DEL CARMEN BARRERA AQUINO,2,0,142,0.00
B11,10429,CENTRO ESCOLAR TRANSITO CIENFUEGOS,2,0,131,0.00
B11,10430,COMPLEJO EDUCATIVO PRESBÍTERO RAFAEL PAZ FUENTES,11,0,853,0.00
B15,10434,INSTITUTO NACIONAL DE SAN ISIDRO,5,0,102,0.00
B11,10436,CENTRO ESCOLAR ANGELA MEDINA GOMEZ,2,0,99,0.00
B12,10449,CENTRO ESCOLAR FINCA SAN FRANCISCO,0,0,54,0.00
B11,10453,CENTRO ESCOLAR ANTONIA MORAN DE LOBATO,2,0,60,0.00
B11,10455,CENTRO ESCOLAR CANTÓN EL PINALÓN,2,0,233,0.00
B11,10468,COMPLEJO EDUCATIVO FE Y ALEGRIA LA MERCED,10,0,593,0.00
B7,10485,CENTRO ESCOLAR NAPOLEON RIOS,16,0,402,0.00
B7,10487,CENTRO ESCOLAR REPUBLICA DE VENEZUELA,4,0,153,0.00
B7,10492,CENTRO ESCOLAR DR. HUMBERTO QUINTERO,14,0,620,0.00
B12,10502,CENTRO ESCOLAR CANTON SAN FRANCISCO APANTA,4,0,38,0.00
B12,10503,CENTRO ESCOLAR CANTON SAN JOSE CAPULIN,3,0,51,0.00
B11,10512,CENTRO ESCOLAR CANTÓN SANTA CRUZ,2,0,53,0.00
B11,10523,"CENTRO ESCOLAR CASERIO SAN JOSE EL SOMPOPO, CANTON CUJUCUYO",2,0,73,0.00
B12,10525,CENTRO ESCOLAR CANTON EL JUTE,2,0,49,0.00
B12,10534,"CENTRO ESCOLAR CASERIO OJO DE AGUA,CANTON SAN MIGUEL",0,1,46,14.00
B11,10540,CENTRO ESCOLAR ALEJANDRO GUERRA ESCOBAR,2,0,75,0.00
B12,10542,CENTRO ESCOLAR JOSE ABEL PERAZA,1,0,40,0.00
B12,10549,"CENTRO ESCOLAR SANTA AGUEDA, CANTÓN PUNTA REMEDIOS",3,0,69,0.00
B12,10551,CENTRO ESCOLAR CANTÓN LA COQUERA,3,0,79,0.00
B8,10553,INSTITUTO NACIONAL DE ACAJUTLA,7,0,430,0.00
B12,10560,CENTRO ESCOLAR CANTÓN EL AMATAL,2,0,36,0.00
B12,10578,CENTRO ESCOLAR CANTON LA PUERTA,2,0,69,0.00
B12,10579,CENTRO ESCOLAR CANTON EL GUAYABO,2,0,72,0.00
B11,10583,"COMPLEJO EDUCATIVO HACIENDA COPAPAYO, CANTON TRES CEIBAS",5,0,262,0.00
B8,10585,INSTITUTO NACIONAL DE ARMENIA,5,0,413,0.00
B12,10589,CENTRO ESCOLAR CANTÓN EL ZAPOTE,3,0,78,0.00
B12,10601,CENTRO ESCOLAR CANTÓN EL COROZAL,2,2,39,39.00
B12,10606,"CENTRO ESCOLAR HACIENDA LAS SEGOVIAS, CANTON PASO DE CANOAS",3,0,103,0.00
B8,10608,COMPLEJO EDUCATIVO MARIA MENDOZA DE BARATTA,12,9,545,282.00
B11,10614,"CENTRO ESCOLAR CASERIO SAN MIGUEL, CANTON SAN ISIDRO",6,0,185,0.00
B11,10616,INSTITUTO NACIONAL DE GUAYMANGO,3,3,290,294.00
B8,10618,INSTITUTO NACIONAL DE IZALCO,11,0,635,0.00
B8,10644,INSTITUTO NACIONAL DE JUAYÚA,5,0,340,0.00
B12,10657,CENTRO ESCOLAR CANTON VALLE NUEVO,0,0,38,0.00
B12,10660,CENTRO ESCOLAR CANTON EL CERRITO,1,0,45,0.00
B12,10661,CENTRO ESCOLAR JOSE QUETGLAS,1,1,51,0.00
B11,10677,CENTRO ESCOLAR DOCTOR FRANCISCO ANTONIO REYES,2,1,566,0.00
B12,10694,CENTRO ESCOLAR CANTON EL BEBEDERO,1,0,44,0.00
B12,10695,CENTRO ESCOLAR CANTON CHILATA,3,0,81,0.00
B12,10697,"CENTRO ESCOLAR HACIENDA EL TRIUNFO, CANTON TIERRA COLORADA",0,0,50,0.00
B8,10704,COMPLEJO EDUCATIVO DE SANTO DOMINGO DE GUZMAN,10,0,394,0.00
B12,10710,"CENTRO ESCOLAR CASERIO EL FLOR, CANTON MIRAVALLE",0,1,93,0.00
B8,10716,INSTITUTO NACIONAL THOMAS JEFFERSON,14,0,1067,0.00
B8,10717,INSTITUTO NACIONAL GENERAL E INGENIERO JAIME ABDUL GUTIÉRREZ,6,0,442,1.00
B11,10723,"CENTRO ESCOLAR CASERIO BARRA CIEGA , CANTON TONALA",3,0,156,0.00
B11,10728,CENTRO ESCOLAR CANTON EL PRESIDIO,5,0,186,0.00
B11,10741,CENTRO ESCOLAR CANTON EL EDEN,3,0,314,0.00
B11,10742,CENTRO ESCOLAR CANTON LAS TABLAS,2,0,159,0.00
B11,10754,INSTITUTO NACIONAL DE NAHUIZALCO,5,0,219,0.00
B11,10755,INSTITUTO NACIONAL TÉCNICO VOCACIONAL DE JUJUTLA,2,3,179,171.00
B13,10760,CENTRO ESCOLAR CANTON OJOS DE AGUA,0,0,41,0.00
B13,10762,CENTRO ESCOLAR CANTON CERRO GRANDE,0,0,54,0.00
B13,10765,CENTRO ESCOLAR CANTON TEOSINTE,2,0,52,0.00
B8,10766,CENTRO ESCOLAR PRESBITERO RAUL ANTONIO RIVAS,0,0,90,0.00
B13,10775,CENTRO ESCOLAR CANTON SAN LORENZO,0,0,39,0.00
B13,10777,CENTRO ESCOLAR CANTON LOS PLANES,0,0,92,0.00
B13,10779,CENTRO ESCOLAR CANTON LA JUNTA,3,0,70,0.00
B13,10780,CENTRO ESCOLAR CANTON EL MORRO,4,0,52,0.00
B13,10781,CENTRO ESCOLAR CANTON GUACHIPILIN,5,0,104,0.00
B13,10783,CENTRO ESCOLAR CANTON CANDELARIA,2,0,86,0.00
B13,10785,"CENTRO ESCOLAR CASERIO PEPETON, CANTON GUACHIPILIN",2,0,70,0.00
B13,10788,CENTRO ESCOLAR CANTON LLANO GRANDE,4,0,87,0.00
B8,10793,INSTITUTO NACIONAL DE CONCEPCION QUEZALTEPEQUE,4,1,93,1.00
B13,10808,CENTRO ESCOLAR CANTÓN SAN JOSÉ,4,0,47,0.00
B13,10810,"CENTRO ESCOLAR CASERIO LOS AMATES, CANTON SAN JOSE",6,0,61,0.00
B13,10811,CENTRO ESCOLAR LUIS FELIPE RIVAS,5,1,61,0.00
B13,10813,CENTRO ESCOLAR CANTON CHIAPAS,5,0,64,0.00
B7,10815,CENTRO ESCOLAR CARLOS ARNULFO CRESPIN,19,1,506,0.00
B13,10824,CENTRO ESCOLAR SCHAFIK JORGE HÁNDAL HÁNDAL,6,0,84,0.00
B13,10827,CENTRO ESCOLAR CANTON LOS ACHIOTES,6,0,87,0.00
B9,10833,INSTITUTO NACIONAL DE DULCE NOMBRE DE MARÍA,2,0,69,0.00
B9,10835,CENTRO ESCOLAR EL CARRIZAL,2,0,64,0.00
B13,10840,CENTRO ESCOLAR CANTON EL TABLON,2,0,69,0.00
B13,10842,CENTRO ESCOLAR CANTON VALLE NUEVO,2,0,66,0.00
B13,10847,"CENTRO ESCOLAR CASERIO CERRO PARTIDO, CANTON SANTA BARBARA",0,0,91,0.00
B13,10853,CENTRO ESCOLAR CANTON PLAN VERDE,0,0,27,0.00
B13,10856,CENTRO ESCOLAR CANTON LOS PRADOS,2,1,99,0.00
B13,10857,"CENTRO ESCOLAR CASERIO EL ZARZAL, CANTON SAN JOSE SACARE",0,0,40,0.00
B8,10862,CENTRO ESCOLAR BARRIO EL TRANSITO,3,0,108,0.00
B13,10866,CENTRO ESCOLAR CANTON EL GRAMAL,7,0,70,0.00
B13,10872,"CENTRO ESCOLAR CASERIO CABALLERO, CANTON EL GRAMAL",0,0,52,0.00
B13,10874,CENTRO ESCOLAR CANTON LAS CAÑAS,6,0,77,0.00
B13,10878,CENTRO ESCOLAR CANTON SAN JOSE EL CARAO,0,0,33,0.00
B9,10883,INSTITUTO NACIONAL DE LA REINA,3,0,66,0.00
B13,10885,CENTRO ESCOLAR CANTON LAS PEÑAS,2,0,91,0.00
B14,10899,INSTITUTO NACIONAL SAN OSCAR ARNULFO ROMERO,3,0,72,0.00
B13,10904,CENTRO ESCOLAR CANTON EL ZAPOTE,0,0,45,0.00
B13,10906,"CENTRO ESCOLAR CASERIO TEPEAGUA, CANTON SANTA ROSA",4,0,85,0.00
B13,10912,"CENTRO ESCOLAR CASERIO CHACALCOYO, CANTON SANTA ROSA",0,0,35,0.00
B13,10921,CENTRO ESCOLAR CANTON POTENCIANA,1,0,53,0.00
B13,10923,"CENTRO ESCOLAR CASERIO CONACASTILLO, CANTON EL ROSARIO",0,0,47,0.00
B13,10930,CENTRO ESCOLAR CANTON EL PORTILLO,2,0,55,0.00
B13,10931,CENTRO ESCOLAR CANTON MONTE REDONDO,3,0,49,0.00
B8,10935,CENTRO ESCOLAR SAN FERNANDO,5,0,92,0.00
B13,10940,CENTRO ESCOLAR CANTÓN SUMPUL CHACONES,4,0,45,0.00
B13,10947,CENTRO ESCOLAR CANTON EL PINAR,3,0,49,0.00
B8,10948,INSTITUTO NACIONAL DE SAN IGNACIO,3,0,85,0.00
B13,10955,CENTRO ESCOLAR CANTON CONCEPCION,3,0,87,0.00
B9,10962,CENTRO ESCOLAR PROFESOR HERMINIO MENJÍVAR TOBAR,3,0,59,0.00
B7,10963,CENTRO ESCOLAR PROFESOR FRANCISCO MORAN,6,1,169,0.00
B7,10970,CENTRO ESCOLAR SALARRUE,7,0,268,0.00
B13,10971,CENTRO ESCOLAR CANTÓN SAN JOSÉ LOS SITIOS,4,0,59,0.00
B13,10972,CENTRO ESCOLAR CANTON OJOS DE AGUA,4,0,68,0.00
B7,10973,CENTRO ESCOLAR SANTA RITA,8,0,166,0.00
B7,10974,CENTRO ESCOLAR MONSEÑOR MODESTO LOPEZ PORTILLO,5,0,91,0.00
B13,10980,CENTRO ESCOLAR DOMINGO ANTONIO DE LARA,4,4,32,30.00
B7,10984,"CENTRO ESCOLAR CASERÍO EL COYOLITO, CANTÓN QUITASOL",9,6,436,7.00
B7,10988,CENTRO ESCOLAR CANTON AGUAJE ESCONDIDA,6,0,192,0.00
B7,10990,INSTITUTO NACIONAL REPUBLICA DE ITALIA,7,2,174,107.00
B7,10991,INSTITUTO NACIONAL DE EL COYOLITO,6,6,223,183.00
B13,10993,CENTRO ESCOLAR CANTON RIO GRANDE DE ALVARADO,2,0,75,0.00
B7,10996,CENTRO ESCOLAR CANTON QUITASOL,5,4,114,67.00
B13,10997,CENTRO ESCOLAR PRESBÍTERO GABRIEL RODRÍGUEZ LANDAVERDE,2,0,76,0.00
B7,10998,CENTRO ESCOLAR CANTON EL SALITRE,5,1,175,0.00
B7,11002,"CENTRO ESCOLAR TEPEYAC, CIUDAD ARCE",2,0,104,0.00
B13,11012,CENTRO ESCOLAR CANTON LAS ACOSTAS,3,0,61,0.00
B11,11017,CENTRO ESCOLAR CASERÍO ATEHUECIA,3,0,87,0.00
B12,11021,"CENTRO ESCOLAR COLONIA CINCO CEDROS, CANTON CUYAGUALO",4,0,305,0.00
B13,11027,CENTRO ESCOLAR GUILLERMO GONZALEZ HUEZO,4,0,92,0.00
B12,11028,INSTITUTO NACIONAL CANTÓN LOURDES,7,1,820,5.00
B7,11031,CENTRO ESCOLAR GUSTAVO VIDES VALDES,22,0,1073,0.00
B13,11036,CENTRO ESCOLAR CANTÓN EL BOTONCILLAL,0,0,74,0.00
B13,11054,CENTRO ESCOLAR CANTON LA SHILA,2,0,72,0.00
B7,11055,INSTITUTO NACIONAL DE ARRACAOS,3,0,112,0.00
B13,11063,CENTRO ESCOLAR CANTON OJOS DE AGUA,0,0,57,0.00
B7,11092,INSTITUTO NACIONAL DEL PUERTO DE LA LIBERTAD,6,0,291,0.00
B7,11096,CENTRO ESCOLAR CANTON LA CANGREJERA,3,0,416,0.00
B7,11099,CENTRO ESCOLAR CANTON SAN DIEGO,4,0,177,0.00
B13,11105,"CENTRO ESCOLAR CASERIO EL JUTE, CANTON TEPEAGUA",0,0,44,0.00
B7,11107,CENTRO ESCOLAR LUZ DE SOTOMAYOR,8,0,315,0.00
B7,11117,INSTITUTO NACIONAL JOSÉ DAMIÁN VILLACORTA,17,0,978,5.00
B7,11133,CENTRO ESCOLAR DANIEL HERNANDEZ,15,7,571,97.00
B13,11145,"CENTRO ESCOLAR CASERIO LAS LOMAS, CANTON LAS MERCEDES",3,0,72,0.00
B13,11146,"CENTRO ESCOLAR CASERIO LA ESPERANZA, CANTON EL PUENTE",2,0,56,0.00
B13,11150,"CENTRO ESCOLAR CASERIO EL AGUACATE, CANTON TACACHICO",0,0,57,0.00
B12,11163,CENTRO ESCOLAR JUANA GALAN DE QUINTANILLA,6,0,197,0.00
B7,11164,CENTRO ESCOLAR CANTON LA PRIMAVERA,7,0,247,0.00
B13,11166,CENTRO ESCOLAR CANTON GIRON,2,0,59,0.00
B13,11170,CENTRO ESCOLAR CANTON LOS SITIOS DE NEJAPA,3,0,72,0.00
B7,11172,CENTRO ESCOLAR MIGUEL ANGEL GARCIA,4,0,140,0.00
B7,11175,CENTRO ESCOLAR PROFESORA MARIA JULIA ALVARADO MADRID DE GARCIA,9,0,333,0.00
B13,11201,CENTRO ESCOLAR CANTÓN EL CASTILLO,3,0,76,0.00
B13,11220,CENTRO ESCOLAR CANTON MINAS DE PLOMO,2,0,71,0.00
B7,11221,CENTRO ESCOLAR CANTÓN CHANTUSNENE,1,0,121,0.00
B13,11238,"CENTRO ESCOLAR FINCA EL REFUGIO, CANTON EL CASTILLO",0,0,46,0.00
B12,11239,CENTRO ESCOLAR CANTÓN AGUA ESCONDIDA,5,0,184,0.00
B7,11240,CENTRO ESCOLAR CANTON JOYA DE CEREN,10,0,473,0.00
B7,11254,INSTITUTO NACIONAL DE SAN PABLO TACACHICO,5,0,172,0.00
B7,11274,"CENTRO ESCOLAR HACIENDA EL TRANSITO, CANTON EL TRANSITO",2,0,139,0.00
B13,11277,CENTRO ESCOLAR CANTON SIHUAPILAPA ARRIBA,0,0,44,0.00
B13,11279,CENTRO ESCOLAR CANTON LOMAS DE TEXICIO,0,0,41,0.00
B9,11283,INSTITUTO NACIONAL DE TEOTEPEQUE,1,0,105,0.00
B13,11288,CENTRO ESCOLAR CANTON EL PITAL,0,0,44,0.00
B12,11299,CENTRO ESCOLAR CANTON SAN SEBASTIAN,8,0,169,0.00
B7,11300,CENTRO ESCOLAR CANTON GUADALUPE,6,0,129,0.00
B7,11303,INSTITUTO NACIONAL DE ZARAGOZA,6,0,247,0.00
B13,11325,"CENTRO ESCOLAR CASERIO EL GUAYCUME, CANTON SAN NICOLAS",1,0,90,0.00
B7,11364,COMPLEJO EDUCATIVO TOMÁS CABRERA,7,0,265,0.00
B7,11383,"CENTRO ESCOLAR CASERIO SAN CRISTOBAL, CANTON LOMAS DE RAMOS",5,0,145,0.00
B7,11389,COMPLEJO EDUCATIVO COLONIA SANTA LUCÍA,0,0,295,0.00
B7,11390,COMPLEJO EDUCATIVO COLONIA SAN FELIPE,11,0,461,0.00
B12,11464,CENTRO ESCOLAR CANTON LOS TRONCONES,4,4,167,1.00
B7,11468,CENTRO ESCOLAR CANTON MIL CUMBRES,2,3,153,38.00
B13,11472,CENTRO ESCOLAR CANTON EL CARRIZAL,2,0,59,0.00
B13,11484,CENTRO ESCOLAR CANTON SAN JOSE AGUACATITAN,3,0,58,0.00
B13,11485,CENTRO ESCOLAR CANTON CASA DE PIEDRA,0,3,58,3.00
B12,11491,INSTITUTO NACIONAL PROFESORA BERTHA FIDELIA CAÑAS,6,0,170,0.00
B7,11494,CENTRO ESCOLAR SAN MARCOS,2,0,87,0.00
B8,11510,CENTRO ESCOLAR CANTON SAN JOSE PRIMERO,3,0,60,0.00
B7,11511,CENTRO ESCOLAR CANTON EL ROSARIO,2,5,142,140.00
B7,11523,INSTITUTO NACIONAL GENERAL JESUS MARIA BRAN,4,0,58,0.00
B7,11533,INSTITUTO NACIONAL  ACCION CIVICA MILITAR,7,7,288,0.00
B7,11540,INSTITUTO NACIONAL GENERAL FRANCISCO MENÉNDEZ,26,16,1960,25.00
B7,11547,INSTITUTO NACIONAL PROFESOR JAIME FRANCISCO LOPEZ,2,0,59,0.00
B7,11552,CENTRO ESCOLAR DOCTOR JOSÉ ANTONIO RODRÍGUEZ PORTH,5,0,408,0.00
B7,11562,CENTRO ESCOLAR COLONIA ESMERALDA,2,3,45,36.00
B12,11575,CENTRO ESCOLAR CANTON SAN CRISTOBAL,5,0,112,0.00
B10,11590,CENTRO ESCOLAR ALBERTO FERRACUTI,0,0,39,0.00
B7,11591,CENTRO ESCOLAR CONFEDERACION SUIZA,9,4,399,54.00
B13,11595,"CENTRO ESCOLAR COLONIA BERNAL, CANTON SAN ANTONIO ABAD",5,0,60,0.00
B7,11635,CENTRO ESCOLAR COLONIA QUIÑONEZ,3,3,47,34.00
B7,11646,CENTRO ESCOLAR JUAN RAFAEL MORA,7,0,138,0.00
B7,11656,CENTRO ESCOLAR PROFESORA ROMILIA SILVA DE RODRÍGUEZ,3,0,52,0.00
B7,11663,CENTRO ESCOLAR REPUBLICA DE PARAGUAY,3,3,69,12.00
B7,11670,CENTRO ESCOLAR JUAN ABERLE,3,0,120,0.00
B8,11685,CENTRO ESCOLAR CANTON EL MORRO,2,0,54,0.00
B7,11702,COMPLEJO EDUCATIVO EL PROGRESO,8,0,150,0.00
B7,11706,CENTRO ESCOLAR URBANIZACION LOS ANGELES,11,11,337,241.00
B7,11718,INSTITUTO NACIONAL DE CIUDAD CREDISA,4,3,87,35.00
B7,11726,CENTRO ESCOLAR COLONIA LOS ALPES,6,1,154,0.00
B8,11746,CENTRO ESCOLAR CANTON EL ROSARIO,4,3,36,35.00
B9,11760,CENTRO ESCOLAR COLONIA ESCALANTE,0,0,41,0.00
B7,11763,COMPLEJO EDUCATIVO DOCTOR ORLANDO DE SOLA,22,10,1096,78.00
B12,11766,CENTRO ESCOLAR ISAURA HERNANDEZ DE MAYORA,2,0,181,0.00
B7,11772,CENTRO ESCOLAR COLONIA LOS ALPES,3,0,73,0.00
B7,11779,COMPLEJO EDUCATIVO DELGADO,18,0,629,0.00
B7,11792,INSTITUTO NACIONAL WALTER THILO DEININGER,20,0,1449,0.00
B14,11794,CENTRO ESCOLAR CANTON PUERTA DE GOLPE,4,0,73,0.00
B14,11825,CENTRO ESCOLAR SAÚL URQUILLA,0,0,36,0.00
B14,11828,CENTRO ESCOLAR CANTON LAS LOMAS,0,0,42,0.00
B7,11830,CENTRO ESCOLAR SAN BARTOLOME PERULAPIA,8,0,201,0.00
B14,11832,CENTRO ESCOLAR COMUNIDAD LOS PLANES,0,0,58,0.00
B14,11835,CENTRO ESCOLAR CANTON SAN JOSE,0,0,58,0.00
B7,11839,INSTITUTO NACIONAL SAN JOSÉ GUAYABAL,3,2,195,175.00
B14,11851,CENTRO ESCOLAR COLONIA SANTA ISABEL,0,0,240,0.00
B7,11854,CENTRO ESCOLAR SAN PEDRO PERULAPAN,4,0,152,0.00
B14,11864,CENTRO ESCOLAR CANTON EL PARAISO ABAJO,2,0,83,0.00
B7,11865,CENTRO ESCOLAR GENERAL FRANCISCO MORAZAN,8,0,254,0.00
B7,11872,INSTITUTO NACIONAL SAN RAFAEL CEDROS,8,1,423,0.00
B14,11880,CENTRO ESCOLAR CANTON SAN PABLO,2,0,81,0.00
B14,11881,CENTRO ESCOLAR CANTON BARRIO ABAJO,0,0,50,0.00
B7,11889,CENTRO ESCOLAR CANTÓN BUENAVISTA,0,0,29,0.00
B7,11893,INSTITUTO NACIONAL SUCHITOTO,4,4,292,260.00
B14,11900,CENTRO ESCOLAR CANTON EL CAULOTE,3,0,48,0.00
B7,11907,CENTRO ESCOLAR ISAAC RUIZ ARAUJO,5,0,388,0.00
B7,11909,INSTITUTO NACIONAL TENANCINGO,3,0,162,0.00
B14,11910,CENTRO ESCOLAR CANTON JIÑUCO,1,1,21,0.00
B9,11919,INSTITUTO NACIONAL DOCTOR MANUEL LUIS ESCAMILLA,3,0,52,0.00
B7,11921,INSTITUTO NACIONAL DE EL ROSARIO,7,6,556,229.00
B7,11927,CENTRO ESCOLAR CASERIO SANTA CRUZ EL TUNAL,3,0,166,0.00
B12,11931,CENTRO ESCOLAR CASERIO VERACRUZ ARRIBA,0,0,22,0.00
B12,11936,CENTRO ESCOLAR CANTON CUPINCO,0,0,48,0.00
B12,11949,CENTRO ESCOLAR CASERIO LOS NOVILLOS,0,0,44,0.00
B7,11960,CENTRO ESCOLAR CANTON CANDELARIA,4,0,125,0.00
B7,11982,COMPLEJO EDUCATIVO PROFESOR ALBERTO VARELA,10,0,580,0.00
B9,11984,INSTITUTO NACIONAL DE SAN JUAN TEPEZONTES,4,0,104,0.00
B12,11989,CENTRO ESCOLAR LOTIFICACION LA FORTUNA,0,0,58,0.00
B9,12006,INSTITUTO NACIONAL MONSEÑOR TOMAS MIGUEL PINEDA Y SALDAÑA,4,0,36,0.00
B7,12008,CENTRO ESCOLAR CANTON DULCE NOMBRE,2,0,119,0.00
B12,12019,CENTRO ESCOLAR ADOLFO FERNÁNDEZ,3,0,80,0.00
B12,12023,INSTITUTO NACIONAL AUGUSTO CESAR ROMERO,1,0,171,0.00
B7,12024,CENTRO ESCOLAR TIMOTEO LIEVANO,12,0,494,0.00
B12,12030,CENTRO ESCOLAR CANTON SAN JOSE OBRAJUELO,3,0,76,0.00
B7,12042,INSTITUTO NACIONAL DE SANTA MARIA OSTUMA,4,0,123,1.00
B12,12047,CENTRO ESCOLAR DE SUECIA,0,0,34,0.00
B12,12054,CENTRO ESCOLAR CASERIO OJO DE AGUA,0,0,61,0.00
B12,12057,CENTRO ESCOLAR CANTON SANTA CRUZ CHACASTAL,4,0,44,0.00
B12,12060,CENTRO ESCOLAR CANTON SAN SEBASTIAN ARRIBA,4,6,145,139.00
B12,12063,CENTRO ESCOLAR CANTON SAN SEBASTIAN ABAJO,0,0,45,0.00
B7,12065,CENTRO ESCOLAR CANTON AMULUNCO,2,0,107,0.00
B7,12070,CENTRO ESCOLAR CANTON SAN LUIS JALPONGUITA,2,0,149,0.00
B7,12073,CENTRO ESCOLAR ESTADOS UNIDOS DE AMERICA,2,0,115,0.00
B12,12081,CENTRO ESCOLAR PROFESOR ADOLFO DE JESUS MARQUEZ,2,0,82,0.00
B7,12087,CENTRO ESCOLAR CASERÍO LA LUCHITA,6,0,151,0.00
B7,12088,CENTRO ESCOLAR CANTON PENITENTE ABAJO,8,0,186,0.00
B7,12104,CENTRO ESCOLAR CANTÓN LA LUCHA,5,0,127,0.00
B12,12111,CENTRO ESCOLAR 16 DE AGOSTO DE 1996,0,0,28,0.00
B7,12113,CENTRO ESCOLAR JOSE VAQUERANO,4,0,182,0.00
B7,12126,INSTITUTO NACIONAL DE SAN LUIS LA HERRADURA,3,3,293,147.00
B12,12127,CENTRO ESCOLAR CANTON SAN ANTONIO LOS BLANCOS,2,0,90,0.00
B14,12150,"CENTRO ESCOLAR CASERIO LAS FLORES, CANTON CERRO COLORADO",2,0,43,0.00
B14,12151,CENTRO ESCOLAR DOCTOR VIDAL SEVERO LOPEZ,7,0,89,0.00
B7,12161,"CENTRO ESCOLAR CASERIO PEÑAS BLANCAS, CANTON MAQUILISHUAT",3,0,99,0.00
B7,12162,"CENTRO ESCOLAR CASERIO EL CARMEN, CANTON POTRERO",5,0,109,0.00
B14,12163,"CENTRO ESCOLAR CASERIO SAN VICENTE, CANTON MAQUILISHUAT",3,0,52,0.00
B14,12165,"CENTRO ESCOLAR CASERIO LOS HERNANDEZ, CANTON LA LABOR",2,0,32,0.00
B7,12168,CENTRO ESCOLAR JERONIMO ABARCA,7,0,238,0.00
B7,12169,"CENTRO ESCOLAR CASERIO EL MESTIZO, CANTON SAN JOSE",3,0,91,0.00
B7,12170,COMPLEJO EDUCATIVO CANTÓN LOS HOYOS,5,0,118,0.00
B14,12175,"CENTRO ESCOLAR CASERIO LAS MINAS, CANTON AZACUALPA",3,0,48,0.00
B14,12177,CENTRO ESCOLAR CANTON NANASTEPEQUE,3,0,47,0.00
B7,12178,CENTRO ESCOLAR CANTON LA QUESERA,6,0,197,0.00
B14,12179,CENTRO ESCOLAR CANTÓN ORATORIO,5,0,87,0.00
B7,12180,"COMPLEJO EDUCATIVO CASERÍO RANCHO QUEMADO, CANTÓN MAQUILISHUAT",7,0,192,0.00
B7,12183,CENTRO ESCOLAR ISABEL LA CATÓLICA,5,0,100,0.00
B7,12186,CENTRO ESCOLAR BERNARDO PERDOMO,18,0,511,0.00
B7,12201,CENTRO ESCOLAR PAULA DE JESUS MENJIVAR,5,0,100,0.00
B14,12211,CENTRO ESCOLAR FELIX GALINDO MORENO,5,0,92,0.00
B14,12212,CENTRO ESCOLAR CANTON POTRERO Y TABLAS,3,0,57,0.00
B14,12213,CENTRO ESCOLAR CANTON POTREROS DE BATRES,3,0,33,0.00
B14,12228,"CENTRO ESCOLAR CASERIO LA GUARUMA, CANTON EL AGUACATE",4,0,50,0.00
B14,12230,"CENTRO ESCOLAR CASERIO LA ESPERANZA, CANTON CHUNTE",3,0,56,0.00
B14,12233,"CENTRO ESCOLAR CASERIO EL LIMON, CANTON LA TRINIDAD",2,0,26,0.00
B14,12236,"CENTRO ESCOLAR CASERIO PIEDRAS BLANCAS, CANTON NOMBRE DE DIOS",3,0,74,0.00
B14,12238,CENTRO ESCOLAR CANTON SANTA ROSA,3,1,67,0.00
B14,12242,"CENTRO ESCOLAR CASERIO LA MARAÑA, CANTON SANTA ROSA",4,0,70,0.00
B14,12245,CENTRO ESCOLAR CANTON CUYANTEPEQUE,2,0,58,0.00
B14,12246,"CENTRO ESCOLAR CASERIO PALACIOS, CANTON RIO GRANDE",4,0,61,0.00
B14,12250,"CENTRO ESCOLAR CASERIO PIEDRA PARADA, CANTON EL AGUACATE",4,0,80,0.00
B14,12252,"CENTRO ESCOLAR CASERIO ESTANZUELAS, CANTON LAS MARIAS",3,0,57,0.00
B14,12253,"CENTRO ESCOLAR CASERIO SANTA CRUZ, CANTON LA TRINIDAD",2,0,39,0.00
B14,12255,CENTRO ESCOLAR CANTON CUNCHIQUE,3,0,33,0.00
B14,12256,CENTRO ESCOLAR CANTON TRONALAGUA,5,0,64,0.00
B14,12261,CENTRO ESCOLAR JOSÉ ANTONIO LARREYNAGA,4,0,40,0.00
B14,12263,CENTRO ESCOLAR CANTON RIO GRANDE,3,0,38,0.00
B14,12267,CENTRO ESCOLAR CANTON SAN GREGORIO,2,0,75,0.00
B7,12269,CENTRO ESCOLAR FERMIN VELASCO,21,0,738,0.00
B14,12273,CENTRO ESCOLAR CANTON LA CONCEPCION,5,0,55,0.00
B8,12275,CENTRO ESCOLAR PROFESORA ANA ROGELIA CRUZ,7,0,325,0.00
B8,12276,INSTITUTO NACIONAL CRISTOBAL IGLESIAS,5,0,198,0.00
B7,12278,CENTRO ESCOLAR DOCTOR IRENEO CHACON,9,0,469,0.00
B8,12305,INSTITUTO NACIONAL DOCTOR SALVADOR ANTONIO NAVARRETE AZURDIA,3,0,73,0.00
B13,12312,CENTRO ESCOLAR CANTON SAN JUAN DE MERINOS,3,0,60,0.00
B13,12314,CENTRO ESCOLAR TRINIDAD GALVEZ,3,0,42,0.00
B13,12319,CENTRO ESCOLAR CANTON CALDERAS,6,0,87,0.00
B13,12328,CENTRO ESCOLAR CANTON SAN FRANCISCO AGUA AGRIA,5,0,74,0.00
B8,12329,INSTITUTO NACIONAL PROFESOR SANTIAGO ECHEGOYEN,3,0,111,0.00
B13,12335,CENTRO ESCOLAR SAN JUAN BOSCO,4,4,92,93.00
B13,12339,"CENTRO ESCOLAR CASERIO EL NACASPILO, CANTON SANTA ROSA",4,0,59,0.00
B13,12349,CENTRO ESCOLAR CANTON LOS TALPETATES,3,0,44,0.00
B8,12351,INSTITUTO NACIONAL DOCTOR PEDRO MIGUEL RIVERA DAMAS,7,0,146,0.00
B13,12364,"CENTRO ESCOLAR CASERÍO LAS LAJAS, CANTÓN LAJAS Y CANOAS",3,1,41,0.00
B13,12374,CENTRO ESCOLAR PROFESORA MARÍA GRACIELA BONILLA DE BONILLA,5,0,51,0.00
B13,12380,"CENTRO ESCOLAR CASERIO LOS MEJIAS, CANTON SAN FRANCISCO",5,2,59,0.00
B8,12381,INSTITUTO NACIONAL DE SAN SEBASTIAN,6,0,187,0.00
B13,12387,CENTRO ESCOLAR CANTON LAS ROSAS,4,0,60,0.00
B13,12388,CENTRO ESCOLAR CANTON EL PORVENIR AGUACAYO,7,0,94,0.00
B13,12389,CENTRO ESCOLAR CANTON EL PARAISO,3,0,38,0.00
B13,12393,CENTRO ESCOLAR CANTON SANTA TERESA,5,0,71,0.00
B7,12399,INSTITUTO NACIONAL DOCTOR SARBELIO NAVARRETE,19,0,1102,0.00
B13,12403,"CENTRO ESCOLAR CASERIO VALLE NUEVO, CANTON CHANMOCO",4,0,51,0.00
B13,12406,"CENTRO ESCOLAR CASERIO SAN FRANCISCO MIRA LEMPA, CANTON EL REBELDE",2,0,30,0.00
B14,12408,"COMPLEJO EDUCATIVO CASERIO LA GALERA, CANTON CHANMOCO",12,0,295,0.00
B13,12415,CENTRO ESCOLAR CANTON EL REBELDE,4,0,77,0.00
B14,12421,"CENTRO ESCOLAR CASERIO RIO FRIO, CANTON PARRAS LEMPA",6,0,124,0.00
B8,12423,CENTRO ESCOLAR DOCTOR JACINTO CASTELLANOS,10,0,286,0.00
B7,12424,CENTRO ESCOLAR DOCTOR JOSE ROSA PACAS,4,0,68,0.00
B7,12447,COMPLEJO EDUCATIVO ROMILIA BLANCO VIUDA DE BRIOSO,20,0,695,0.00
B13,12448,CENTRO ESCOLAR CANTON SAN RAMON GRIFAL,3,0,57,0.00
B13,12461,CENTRO ESCOLAR CANTON CONCEPCION DE CAÑAS,3,0,41,0.00
B8,12465,INSTITUTO NACIONAL SAN JOSÉ VERAPAZ,5,4,229,197.00
B13,12467,CENTRO ESCOLAR CANTON EL CARMEN,3,0,40,0.00
B13,12470,CENTRO ESCOLAR CANTON SAN JUAN BUENAVISTA,3,0,41,0.00
B13,12472,CENTRO ESCOLAR CANTON MOLINEROS,6,0,90,0.00
B8,12475,INSTITUTO NACIONAL DE ALEGRIA,2,0,71,0.00
B8,12478,CENTRO ESCOLAR CANTON LAS CASITAS,6,0,107,0.00
B8,12484,COMPLEJO EDUCATIVO RANDY LOWSKY KING,7,0,146,0.00
B16,12486,"CENTRO ESCOLAR COOPERATIVA LAS BURRAS, CANTON TALPETATE",2,0,51,0.00
B16,12492,CENTRO ESCOLAR CANTON EL RECREO,2,0,37,0.00
B16,12498,CENTRO ESCOLAR CANTON SAN ISIDRO,2,0,36,0.00
B8,12503,CENTRO ESCOLAR MEARDI,23,0,1479,0.00
B16,12509,CENTRO ESCOLAR EL PARAISAL,3,0,89,0.00
B8,12512,"COMPLEJO EDUCATIVO HACIENDA MONTE FRESCO, CANTÓN EL CAÑAL",7,0,216,0.00
B16,12517,CENTRO ESCOLAR CANTON SAN FELIPE,5,0,91,0.00
B8,12520,CENTRO ESCOLAR CANTON LA ANCHILA,5,0,131,0.00
B8,12524,INSTITUTO NACIONAL ERNESTO FLORES,5,0,230,0.00
B8,12528,COMPLEJO EDUCATIVO CANTÓN SAN ANTONIO,8,0,230,0.00
B8,12529,CENTRO ESCOLAR SUSANA RODRÍGUEZ VIUDA DE DUKE,16,0,750,0.00
B16,12532,CENTRO ESCOLAR PROFESOR ROMULO VASQUEZ PORTILLO,3,0,42,0.00
B8,12535,"CENTRO ESCOLAR VISTA HERMOSA, CASERIO CEIBILLA, CANTON CONDADILLO",7,1,113,0.00
B8,12536,COMPLEJO EDUCATIVO CANTON PUENTE CUSCATLAN,10,0,200,0.00
B8,12538,COMPLEJO EDUCATIVO CANTON TECOMATAL,4,0,119,0.00
B8,12540,CENTRO ESCOLAR CANTÓN JOCOMONTIQUE,3,0,141,0.00
B8,12544,CENTRO ESCOLAR CANTON PUERTO AVALOS,3,0,126,0.00
B8,12547,INSTITUTO NACIONAL DE JIQUILISCO,0,0,487,0.00
B8,12548,INSTITUTO NACIONAL CANTON TIERRA BLANCA,5,0,169,0.00
B8,12553,"CENTRO ESCOLAR HACIENDA EL TERCIO, CANTÓN SAN JOSÉ",2,0,196,0.00
B16,12560,"CENTRO ESCOLAR ASENTAMIENTO 14 DE JULIO, CANTÓN SAN PEDRO",2,0,97,0.00
B16,12563,CENTRO ESCOLAR CANTÓN EL CASTAÑO,3,0,40,0.00
B8,12565,CENTRO ESCOLAR GUSTAVO GUERRERO,4,0,211,0.00
B8,12567,COMPLEJO EDUCATIVO CANTON LOS ESPERANZA,6,0,114,0.00
B16,12569,CENTRO ESCOLAR CANTON CALIFORNIA,0,0,69,0.00
B8,12571,CENTRO ESCOLAR CANTON LA NORIA,6,0,171,0.00
B8,12574,COMPLEJO EDUCATIVO MIGUEL DUEÑAS,10,0,394,0.00
B8,12575,CENTRO ESCOLAR PROFESOR Y DOCTOR EFRAÍN JOVEL,13,0,538,0.00
B16,12576,CENTRO ESCOLAR CANTÓN LAS FLORES,2,0,61,0.00
B16,12577,CENTRO ESCOLAR CANTÓN EL TABURETE,7,0,90,0.00
B16,12579,CENTRO ESCOLAR CANTON SAN JUAN CRUZADILLA,3,0,62,0.00
B8,12581,CENTRO ESCOLAR CANTÓN ROQUINTE,6,0,160,0.00
B8,12582,CENTRO ESCOLAR RAMIRO MARTINEZ PINEDA,16,10,1407,178.00
B8,12585,INSTITUTO NACIONAL DE JUCUAPA,11,0,472,0.00
B8,12592,CENTRO ESCOLAR CANTON LLANO GRANDE,10,0,327,0.00
B8,12593,CENTRO ESCOLAR CANTON EL TAPESQUILLO ALTO,2,0,99,0.00
B8,12596,COMPLEJO EDUCATIVO PROFESOR SAÚL FLORES,17,0,871,4.00
B16,12599,CENTRO ESCOLAR CANTÓN LLANO DE CHILAMATE,3,0,57,0.00
B16,12600,CENTRO ESCOLAR CANTON EL NISPERO,4,0,54,0.00
B8,12602,INSTITUTO NACIONAL DE JUCUARAN,2,0,89,0.00
B16,12611,CENTRO ESCOLAR CANTON EL ALMENDRO,3,0,70,0.00
B8,12613,CENTRO ESCOLAR CANTON LOS LLANITOS,4,0,118,0.00
B16,12614,CENTRO ESCOLAR CANTON LA CABAÑA,2,0,85,0.00
B8,12617,COMPLEJO EDUCATIVO CANTÓN SAMURIA,4,0,254,0.00
B16,12618,"CENTRO ESCOLAR CASERIO LA RINGLERA, CANTON EL JICARO",0,0,69,0.00
B8,12622,"COMPLEJO EDUCATIVO CASERÍO SAN SIMÓN, CANTÓN LOS HORCONES",7,0,293,0.00
B8,12623,INSTITUTO NACIONAL DE MERCEDES UMAÑA,6,3,206,175.00
B16,12625,"CENTRO ESCOLAR CASERIO LA BARCA, CANTON SAN SIMON",2,0,47,0.00
B8,12627,CENTRO ESCOLAR CANTON LA MONTAÑITA,3,0,99,0.00
B16,12630,CENTRO ESCOLAR CANTON CAULOTE,3,0,66,0.00
B8,12631,COMPLEJO EDUCATIVO CANTÓN EL JOCOTILLO,8,0,267,0.00
B8,12644,CENTRO ESCOLAR CANTÓN SAN JOSÉ,4,0,106,0.00
B8,12645,COMPLEJO EDUCATIVO CANTÓN LA BREÑA,6,0,145,0.00
B16,12647,CENTRO ESCOLAR CANTON EL DELIRIO,4,0,78,0.00
B16,12648,"CENTRO ESCOLAR CASERIO JOCOTE DULCE, CANTON LA POZA",3,0,84,0.00
B8,12650,CENTRO ESCOLAR CANTON LAS TRANCAS,6,0,119,0.00
B8,12651,CENTRO ESCOLAR DOCTOR ARTURO ROSALES,5,0,120,0.00
B8,12659,INSTITUTO NACIONAL DE PUERTO EL TRIUNFO,6,0,270,0.00
B8,12666,INSTITUTO NACIONAL DE SAN AGUSTIN,2,0,83,0.00
B16,12668,"CENTRO ESCOLAR CASERIO SAN CRISTOBAL, CANTON EL SEMILLERO",3,0,36,0.00
B16,12673,CENTRO ESCOLAR ANGELA MARIA ARAUJO,2,0,84,0.00
B16,12676,CENTRO ESCOLAR RAFAEL ARAUJO,2,0,49,0.00
B8,12677,COMPLEJO EDUCATIVO PROFESOR ARTURO ROMERO CASTAÑEDA,7,0,124,0.00
B16,12678,CENTRO ESCOLAR CANTON IGLESIA VIEJA,2,0,70,0.00
B8,12681,COMPLEJO EDUCATIVO DE SAN DIONISIO,5,0,228,0.00
B16,12682,CENTRO ESCOLAR CANTON SAN FRANCISCO,2,0,61,0.00
B8,12684,"CENTRO ESCOLAR CASERÍO LOS JOBOS, CANTÓN CERRO DEL NANZAL",5,0,114,0.00
B8,12685,INSTITUTO NACIONAL DE SANTA ELENA,10,0,324,0.00
B8,12691,CENTRO ESCOLAR CANTON LAS CRUCES,4,0,110,0.00
B16,12692,CENTRO ESCOLAR CANTÓN CERRO EL NANZAL,2,0,84,0.00
B8,12693,CENTRO ESCOLAR REYES ZELAYA,4,0,208,0.00
B8,12694,CENTRO ESCOLAR ROBERTO EDMUNDO CANESSA,5,0,203,0.00
B8,12701,CENTRO ESCOLAR REPUBLICA FEDERAL DE ALEMANIA,8,0,254,0.00
B16,12702,CENTRO ESCOLAR CANTON LOS HORNOS,5,0,69,0.00
B8,12714,INSTITUTO NACIONAL DE SANTIAGO DE MARÍA,14,0,718,13.00
B16,12715,CENTRO ESCOLAR CANTON BATRES,0,0,35,0.00
B8,12719,CENTRO ESCOLAR CANTON EL MARQUEZADO,4,0,120,0.00
B8,12723,CENTRO ESCOLAR PROFESOR DOLORES DE JESUS MONTOYA,6,0,191,0.00
B8,12726,COMPLEJO EDUCATIVO CANTÓN PASO DE GUALACHE,8,0,373,0.00
B16,12727,CENTRO ESCOLAR CANTON CERRO VERDE,0,0,43,0.00
B8,12734,COMPLEJO EDUCATIVO DE TECAPAN,11,0,409,0.00
B8,12738,INSTITUTO NACIONAL DE USULUTAN,24,0,1680,0.00
B16,12743,"CENTRO ESCOLAR CASERIO EL BOTONCILLO, CANTON LAS SALINAS",0,0,56,0.00
B8,12745,CENTRO ESCOLAR CANTON EL OBRAJUELO,6,0,124,0.00
B8,12750,CENTRO ESCOLAR COLONIA EL NARANJO,4,0,224,0.00
B8,12754,CENTRO ESCOLAR JOSE ROBERTO WRIGHT,5,0,212,0.00
B8,12756,COMPLEJO EDUCATIVO CANTON LAS SALINAS,6,0,351,0.00
B16,12759,CENTRO ESCOLAR CANTON LA LAGUNA DE PALO GALAN,2,0,82,0.00
B8,12775,COMPLEJO EDUCATIVO PROFESORA BLANCA RAMÍREZ DE AVILES,7,0,299,0.00
B8,12778,COMPLEJO EDUCATIVO ALBERTO MASFERRER,6,7,331,118.00
B16,12779,CENTRO ESCOLAR CASERIO EL TERRERO,0,0,51,0.00
B8,12780,INSTITUTO NACIONAL DE CAROLINA,4,0,112,0.00
B9,12782,CENTRO ESCOLAR CIRILO ANTONIO QUINTANILLA VARGAS,9,0,281,0.00
B9,12793,INSTITUTO NACIONAL DE CIUDAD BARRIOS,11,0,575,0.00
B15,12795,CENTRO ESCOLAR CANTON GUANASTE,2,0,79,0.00
B9,12796,CENTRO ESCOLAR CANTON TEPONAHUASTE,3,0,98,0.00
B8,12798,CENTRO ESCOLAR DE LA COLONIA BOILLAT,0,0,39,0.00
B16,12800,"CENTRO ESCOLAR CASERIO CERRO DE ARENA, CANTON GUANASTE",0,0,52,0.00
B16,12801,CENTRO ESCOLAR CANTON LA TORRECILLA,0,0,44,0.00
B9,12803,CENTRO ESCOLAR CANTON LLANO EL ANGEL,7,0,290,0.00
B15,12804,CENTRO ESCOLAR CANTON BELEN,3,0,81,0.00
B16,12805,CENTRO ESCOLAR CANTON SAN LUISITO,2,0,50,0.00
B16,12807,CENTRO ESCOLAR CANTON NUEVO PORVENIR,0,0,66,0.00
B15,12813,CENTRO ESCOLAR DOCTOR FELIX CHARLAIX,3,0,82,0.00
B15,12814,CENTRO ESCOLAR ANDRES TOBIAS ROVIRA,3,0,87,0.00
B15,12820,CENTRO ESCOLAR COLONIA LA PAZ,3,0,95,0.00
B9,12821,CENTRO ESCOLAR EDGAR MAURICIO HERNANDEZ,3,0,111,0.00
B16,12823,CENTRO ESCOLAR CANTON PIE DE LA CUESTA,0,0,39,0.00
B16,12825,CENTRO ESCOLAR CANTON LOS AMATES,2,0,51,0.00
B9,12826,CENTRO ESCOLAR CANTON PAPALONES,4,0,108,0.00
B9,12827,CENTRO ESCOLAR RICARDO HAROLD KRIETTE P.,5,0,136,0.00
B16,12828,CENTRO ESCOLAR CASERIO CERRO EL JIOTE,0,0,70,0.00
B9,12829,CENTRO ESCOLAR CANTON HUALAMA,4,0,125,0.00
B9,12831,CENTRO ESCOLAR ELISEO HENRIQUEZ,13,0,675,0.00
B16,12834,CENTRO ESCOLAR GLORIA ARGUELLO DE SILVA,3,0,47,0.00
B9,12835,CENTRO ESCOLAR DE CHINAMECA,6,0,182,0.00
B9,12838,CENTRO ESCOLAR ALBERTO RECINO H.,8,0,295,0.00
B15,12841,CENTRO ESCOLAR CANTON CHAMBALA,2,0,84,0.00
B16,12844,CENTRO ESCOLAR CANTON SAN ANTONIO,2,0,78,0.00
B16,12845,CENTRO ESCOLAR CANTON EL BOQUERON,1,0,52,0.00
B16,12846,CENTRO ESCOLAR CANTON JOCOTE DULCE,4,0,57,0.00
B9,12849,CENTRO ESCOLAR CANTON LOS PLANES PRIMEROS,5,0,164,0.00
B9,12853,CENTRO ESCOLAR SEÑORA ROSA HIRLEMANN DE GARCIA PRIETO,9,0,348,0.00
B9,12855,CENTRO ESCOLAR PROFESOR JORGE SALOMON GRANADOS,5,0,126,0.00
B9,12859,CENTRO ESCOLAR ALBERTO SANCHEZ,15,0,408,0.00
B9,12861,INSTITUTO NACIONAL DE CHIRILAGUA,4,0,122,0.00
B16,12870,"CENTRO ESCOLAR CASERIO EL CASTAÑO, CANTON SAN PEDRO",3,0,79,0.00
B16,12872,"CENTRO ESCOLAR CASERIO PLAYA GRANDE, CANTON SAN PEDRO",0,0,45,0.00
B16,12874,CENTRO ESCOLAR CANTON CHILANGUERA,4,0,51,0.00
B16,12876,CENTRO ESCOLAR CANTON ZAPATAGUA,0,0,43,0.00
B9,12877,COMPLEJO EDUCATIVO CANTÓN SAN PEDRO,4,0,226,0.00
B16,12878,CENTRO ESCOLAR CANTON GUADALUPE,0,0,49,0.00
B15,12880,CENTRO ESCOLAR CANTON NUEVA CONCEPCION,2,0,93,0.00
B9,12883,CENTRO ESCOLAR CANTON LLANO DEL COYOL,0,0,259,0.00
B15,12885,CENTRO ESCOLAR CANTON MOROPALA,3,0,86,0.00
B9,12886,CENTRO ESCOLAR CANTON EL BORBOLLON,11,0,324,0.00
B9,12890,INSTITUTO NACIONAL EL TRÁNSITO,13,0,649,0.00
B9,12891,CENTRO ESCOLAR 14 DE ABRIL,12,1,503,0.00
B15,12903,CENTRO ESCOLAR CANTON EL NANCITO,2,0,92,0.00
B9,12908,CENTRO ESCOLAR CANTON VALENCIA,3,0,115,0.00
B9,12909,CENTRO ESCOLAR PROFESOR LUIS SAMUEL CACERES,9,0,319,0.00
B9,12914,CENTRO ESCOLAR CANTON LOS EJIDOS,2,0,252,0.00
B16,12918,CENTRO ESCOLAR CANTÓN VALLE ALEGRE,0,0,59,0.00
B9,12919,CENTRO ESCOLAR CANTON EL RODEO,5,0,146,0.00
B9,12920,CENTRO ESCOLAR SARA POHL DE BORGONOVO,10,0,609,0.00
B9,12921,CENTRO ESCOLAR CANTON EL PAPALON,5,0,252,0.00
B9,12922,CENTRO ESCOLAR FEDERICO ARNOLDO GARCIA PRIETO HIRLEMAN N,6,0,179,0.00
B9,12923,CENTRO ESCOLAR CANTON LA FRAGUA,4,0,154,0.00
B9,12928,INSTITUTO NACIONAL DE NUEVA GUADALUPE,8,0,355,0.00
B16,12929,CENTRO ESCOLAR CANTON SAN LUIS,2,0,47,0.00
B16,12934,"CENTRO ESCOLAR CASERIO LA ZUNCUYA, CANTON CUCURUCHO",0,0,34,0.00
B9,12938,COMPLEJO EDUCATIVO DE NUEVO EDÉN DE SAN JUAN,2,0,154,0.00
B16,12939,COMPLEJO EDUCATIVO CANTÓN SAN SEBASTIAN,1,0,43,0.00
B16,12941,"CENTRO ESCOLAR CASERIO LAS LOMITAS, CANTON SAN JOSE",0,0,36,0.00
B15,12942,CENTRO ESCOLAR CANTON SAN ANTONIO,2,1,74,0.00
B9,12949,"CENTRO ESCOLAR CASERIO EL CHILAMO, CANTON SAN MARCOS",2,0,131,0.00
B16,12955,"CENTRO ESCOLAR CASERIO EL PILON, CANTON LA JOYA",3,0,64,0.00
B16,12957,CENTRO ESCOLAR HACIENDA EL AMATILLO,0,0,39,0.00
B16,12960,CENTRO ESCOLAR CANTON SAN JERONIMO,0,0,30,0.00
B15,12961,"CENTRO ESCOLAR CASERIO SAN ANDRES, CANTON SAN JERONIMO",3,0,76,0.00
B9,12964,CENTRO ESCOLAR CANTON CANDELARIA,2,0,112,0.00
B9,12968,CENTRO ESCOLAR CANTON LA MORITA,3,0,150,0.00
B9,12975,CENTRO ESCOLAR SAN LUIS DE LA REINA,4,0,327,0.00
B9,12977,INSTITUTO NACIONAL JOAQUÍN ERNESTO CÁRDENAS,17,13,1181,461.00
B16,12980,INSTITUTO NACIONAL FEDERICO GARCIA PRIETO N.,2,0,61,0.00
B8,12981,INSTITUTO NACIONAL METROPOLITANO,3,0,67,0.00
B15,12984,CENTRO ESCOLAR CASERIO EL ESPINO,3,0,84,0.00
B9,12987,CENTRO ESCOLAR DE COLONIA SANTA LUISA,7,0,142,0.00
B16,12988,CENTRO ESCOLAR COLONIA BRISAS DEL EDEN,0,0,67,0.00
B9,12990,COMPLEJO EDUCATIVO COLONIA LA CONFIANZA,17,0,678,0.00
B9,12996,CENTRO ESCOLAR URBANIZACION CALIFORNIA,9,0,364,0.00
B9,13002,"CENTRO ESCOLAR CIUDAD MARTELL, REPUBLICA DE FRANCIA",6,0,121,0.00
B9,13005,CENTRO ESCOLAR COLONIAL RIO GRANDE,12,0,382,0.00
B9,13006,"CENTRO ESCOLAR CASERIO EL CIPRES, CANTON EL NIÑO",4,6,138,107.00
B9,13007,CENTRO ESCOLAR COLONIA 15 DE SEPTIEMBRE,11,0,252,0.00
B16,13012,CENTRO ESCOLAR ASENTAMIENTO SAN JACINTO,0,0,33,0.00
B16,13013,"CENTRO ESCOLAR HACIENDA EL GUAYABAL, CANTÓN SAN ANTONIO CHÁVEZ",2,0,43,0.00
B9,13014,CENTRO ESCOLAR COLONIA SAN JOSE,8,0,214,0.00
B9,13015,CENTRO ESCOLAR COLONIA DOLORES,3,0,131,0.00
B8,13017,CENTRO ESCOLAR COLONIA CHAPARRASTIQUE,6,0,88,0.00
B16,13018,"CENTRO ESCOLAR CASERIO LA MASCOTA, CANTON EL VOLCAN",0,0,51,0.00
B9,13022,CENTRO ESCOLAR CANTON EL VOLCAN 2,4,0,238,0.00
B15,13027,CENTRO ESCOLAR LICENCIADA LESLIE S. VOGEL,2,0,100,0.00
B9,13029,CENTRO ESCOLAR CANTON LAS DELICIAS,3,0,102,0.00
B16,13030,CENTRO ESCOLAR CANTON LA PUERTA,0,0,60,0.00
B9,13033,CENTRO ESCOLAR FINCA SANTA ISABEL CANTON EL VOLCAN,0,0,190,0.00
B9,13034,"CENTRO ESCOLAR CASERIO EL TULAR, CANTON LAS DELICIAS",2,0,119,0.00
B9,13038,CENTRO ESCOLAR CANTON EL BRAZO,2,0,211,0.00
B15,13042,CENTRO ESCOLAR CANTÓN CONCEPCIÓN COROZAL,2,0,82,0.00
B16,13043,CENTRO ESCOLAR CANTON SANTA INES,2,0,55,0.00
B9,13045,COMPLEJO EDUCATIVO FE Y ALEGRIA,27,0,1113,0.00
B16,13046,CENTRO ESCOLAR CANTON LAS CASITAS,0,0,48,0.00
B9,13048,CENTRO ESCOLAR SALVADOR MAGAÑA,4,0,173,0.00
B9,13053,COMPLEJO EDUCATIVO CANTÓN MONTE GRANDE,12,0,642,0.00
B9,13056,CENTRO ESCOLAR MANUEL JOSE ARCE,2,0,226,0.00
B15,13057,CENTRO ESCOLAR CANTON EL TECOMATAL,2,0,84,0.00
B9,13060,CENTRO ESCOLAR DOCTOR JOSE ANTONIO QUIROZ,3,0,135,0.00
B16,13063,CENTRO ESCOLAR CANTON HUISCOYOL,0,0,53,0.00
B9,13065,CENTRO ESCOLAR CANTON SAN ANDRES,3,0,114,0.00
B9,13066,COMPLEJO EDUCATIVO JULIO CÉSAR MALDONADO,14,0,525,0.00
B9,13067,CENTRO ESCOLAR PROFESORA LILIAN ISABEL PEÑA DE ORELLANA,9,0,401,0.00
B9,13071,CENTRO ESCOLAR HERBERT DE SOLA,17,0,594,0.00
B9,13072,COMPLEJO EDUCATIVO CANTÓN LA CANOA,4,0,211,0.00
B9,13073,CENTRO ESCOLAR MILAGRO DE LA PAZ,12,0,520,0.00
B9,13074,CENTRO ESCOLAR CANTON EL JALACATAL,8,0,211,0.00
B9,13075,CENTRO ESCOLAR PROFESOR ATILIO ARMANDO PEREZ SOTO,5,0,187,0.00
B16,13080,CENTRO ESCOLAR CANTON ALTO MIRO,0,0,39,0.00
B9,13081,CENTRO ESCOLAR UNIÓN PANAMERICANA,14,0,431,0.00
B9,13082,COMPLEJO EDUCATIVO OFELIA HERRERA,39,0,1796,0.00
B9,13083,COMPLEJO EDUCATIVO SOR CECILIA SANTILLANA AHUACTZIN,16,0,715,18.00
B9,13084,CENTRO ESCOLAR JESUS ESCOBAR DE CARDENAS,10,0,434,0.00
B9,13085,CENTRO ESCOLAR DOLORES SOUZA,9,0,293,0.00
B9,13086,CENTRO ESCOLAR MARIA ESCOBAR GRANILLO,2,0,230,0.00
B9,13087,COMPLEJO EDUCATIVO AMINTA DE MONTIEL,15,0,552,0.00
B9,13089,CENTRO ESCOLAR DOLORES C. RETES,23,22,836,152.00
B9,13090,"CENTRO ESCOLAR COLONIA LA CARMENZA, CANTON HATO NUEVO",6,0,163,0.00
B9,13091,CENTRO ESCOLAR ABDON CORDERO,6,0,211,0.00
B9,13092,CENTRO ESCOLAR PABLO J. AGUIRRE,11,0,490,0.00
B9,13094,CENTRO ESCOLAR SAGRADO CORAZÓN,16,0,544,0.00
B9,13095,CENTRO ESCOLAR NIÑO JESUS DE PRAGA,14,0,306,0.00
B16,13096,CENTRO ESCOLAR CANTON LA PEÑITA,0,0,47,0.00
B9,13097,CENTRO ESCOLAR CANTON SANTA CLARA,4,0,102,0.00
B15,13100,CENTRO ESCOLAR CANTON LOS ZELAYA,3,0,87,0.00
B16,13102,"CENTRO ESCOLAR CASERIO LOS LEMUS, CANTON SANTA CLARA",2,0,51,0.00
B9,13104,INSTITUTO NACIONAL JOHN F. KENNEDY,7,0,243,0.00
B9,13107,CENTRO ESCOLAR PROFESOR JOSÉ OSCAR RIVERA QUINTANILLA,10,0,325,0.00
B9,13111,INSTITUTO NACIONAL DE SESORI,7,0,207,0.00
B16,13118,"CENTRO ESCOLAR CASERIO QUESERITA, CANTON MINITAS",0,0,37,0.00
B9,13122,CENTRO ESCOLAR DOCTOR MANUEL QUIJANO HERNANDEZ,14,0,368,0.00
B16,13126,CENTRO ESCOLAR CANTON EL TIZATE,3,0,63,0.00
B16,13128,"CENTRO ESCOLAR CASERIO EL TABLON, CANTON RIO DE VARGAS",2,0,60,0.00
B9,13129,INSTITUTO NACIONAL DE ULUAZAPA,3,0,125,0.00
B9,13130,CENTRO ESCOLAR MARIA LUCINDA VARGAS,7,0,327,0.00
B16,13131,CENTRO ESCOLAR CANTON JUAN YANES,3,0,82,0.00
B10,13132,CENTRO ESCOLAR DE ARAMBALA,4,0,119,0.00
B10,13145,INSTITUTO NACIONAL DE CORINTO,8,0,263,0.00
B10,13157,"CENTRO ESCOLAR CASERIO MATAPALO, CANTON CORRALITO",5,0,153,0.00
B15,13158,"CENTRO ESCOLAR CASERIO GUACAMAYA, CANTON LA LAGUNA",3,0,65,0.00
B15,13160,CENTRO ESCOLAR CANTON SAN FELIPE,3,0,52,0.00
B15,13162,CENTRO ESCOLAR CANTON EL CHAPARRAL,6,0,89,0.00
B10,13166,CENTRO ESCOLAR CANTON EL PEDERNAL,6,0,201,0.00
B10,13170,CENTRO ESCOLAR DOCTOR DAVID TURCIOS.,12,7,480,261.00
B15,13180,CENTRO ESCOLAR CANTON LOMA TENDIDA,4,0,71,0.00
B10,13184,CENTRO ESCOLAR CANTON LLANO DE SANTIAGO,5,0,157,0.00
B10,13186,"CENTRO ESCOLAR CASERIO EL CARRIZAL, CANTON SAN PEDRO",4,0,139,0.00
B10,13187,CENTRO ESCOLAR CANTON SAN PEDRO RIO SECO,6,0,190,0.00
B10,13188,CENTRO ESCOLAR JORGE WASHINGTON,6,0,225,0.00
B15,13193,"CENTRO ESCOLAR CASERIO PEÑA BLANCA, CANTON LA JOYA",3,0,40,0.00
B10,13196,CENTRO ESCOLAR CANTON MAIGUERA,5,0,134,0.00
B10,13198,CENTRO ESCOLAR GENERAL GERARDO BARRIOS,9,0,416,0.00
B15,13200,CENTRO ESCOLAR CANTON SAN BARTOLO,4,0,45,0.00
B10,13206,INSTITUTO NACIONAL PROFESOR JOSE LUIS LOPEZ,8,0,275,0.00
B10,13208,CENTRO ESCOLAR SILVERIA LAZO VIUDA DE ÁLVAREZ,6,0,91,0.00
B10,13209,CENTRO ESCOLAR RENÉ BENÍTEZ PRUDENCIO,5,0,111,0.00
B15,13213,CENTRO ESCOLAR JUAN MANUEL RODRÍGUEZ,4,1,76,0.00
B15,13216,CENTRO ESCOLAR CANTON FLAMENCO,5,0,83,0.00
B10,13223,CENTRO ESCOLAR CANTON HUALINDO,5,0,113,0.00
B15,13224,CENTRO ESCOLAR CANTON LA MANZANILLA,2,0,30,0.00
B10,13229,INSTITUTO NACIONAL SEGUNDO MONTES,6,0,320,0.00
B10,13231,CENTRO ESCOLAR JOSE SIMEON CAÑAS,5,0,116,0.00
B10,13238,CENTRO ESCOLAR PROFESOR EMNER ABILIO ROMERO,4,4,167,166.00
B10,13246,"COMPLEJO EDUCATIVO ASENTAMIENTO SANTA BÁRBARA, CANTÓN SAN MARCOS",9,0,250,0.00
B10,13249,CENTRO ESCOLAR LICENCIADO JUAN JOSÉ GUZMÁN,11,0,351,0.00
B10,13252,COMPLEJO EDUCATIVO DE SAN FERNANDO,5,0,130,0.00
B10,13259,"CENTRO ESCOLAR CASERIO LOS ROMEROS, CANTON EL TRIUNFO",6,0,107,0.00
B10,13261,CENTRO ESCOLAR CANTON EL NORTE,7,5,111,0.00
B10,13262,CENTRO ESCOLAR PROFESORA JOSEFA VALLE DE FUENTES,6,0,107,0.00
B10,13263,CENTRO ESCOLAR CANTON CACAHUATALEJO,5,0,98,0.00
B10,13265,CENTRO ESCOLAR CANTON SAN JOSE,6,0,163,0.00
B15,13266,CENTRO ESCOLAR CANTON EL TRIUNFO,3,0,76,0.00
B15,13267,CENTRO ESCOLAR FELIPE SOTO,6,0,85,0.00
B10,13268,COMPLEJO EDUCATIVO SAN FRANCISCO GOTERA,19,1,492,1.00
B10,13269,CENTRO ESCOLAR PRESBITERO NORBERTO CRUZ,21,15,794,237.00
B10,13270,CENTRO ESCOLAR GENERAL FRANCISCO MORAZAN,6,1,236,0.00
B10,13273,CENTRO ESCOLAR ALBERTO MASFERRER,9,0,315,0.00
B10,13274,CENTRO ESCOLAR CANTON POTRERO DE ADENTRO,6,0,133,0.00
B10,13277,CENTRO ESCOLAR CANTON LAS QUEBRADAS,5,0,147,0.00
B15,13278,CENTRO ESCOLAR CANTON SAN FRANCISCO,3,0,29,0.00
B10,13280,"CENTRO ESCOLAR CASERIO EL JUNQUILLO, CANTON LAS QUEBRADAS",6,0,215,0.00
B15,13285,CENTRO ESCOLAR CANTON EL RODEO,5,0,90,0.00
B15,13287,"CENTRO ESCOLAR CASERIO GUARUMAL, CANTON EL LIMON",3,0,58,0.00
B10,13288,CENTRO ESCOLAR DOCTOR RAMON ROSA,7,0,271,0.00
B10,13289,CENTRO ESCOLAR CANTON EL TABLON,6,0,200,0.00
B15,13291,CENTRO ESCOLAR CANTON CANDELARIA,8,0,106,0.00
B15,13292,CENTRO ESCOLAR SARA CASTELLANOS,8,0,81,0.00
B10,13293,CENTRO ESCOLAR CANTON ANIMAS,5,0,146,0.00
B15,13294,CENTRO ESCOLAR CANTON EL PEÑON,4,0,81,0.00
B10,13299,CENTRO ESCOLAR ALBERTO GUZMAN MEJIA,6,0,139,0.00
B15,13304,CENTRO ESCOLAR BLANCA BENITEZ DE FLORES,3,0,65,0.00
B10,13307,CENTRO ESCOLAR CANTON ISLETAS,3,0,182,0.00
B10,13309,CENTRO ESCOLAR DE YOLOAIQUIN,8,0,327,0.00
B15,13321,CENTRO ESCOLAR MARIO SANTOS REYES,0,0,41,0.00
B15,13329,CENTRO ESCOLAR CANTON TERRERITOS,2,0,75,0.00
B10,13331,CENTRO ESCOLAR DE ANAMOROS,11,3,702,1.00
B10,13332,CENTRO ESCOLAR CANTON TULIMA,2,0,119,0.00
B15,13353,"CENTRO ESCOLAR CASERÍO EL HABILLAL, CANTÓN CIPRES",1,0,81,0.00
B10,13358,CENTRO ESCOLAR CANTON EL CIPRES,2,0,109,0.00
B10,13359,CENTRO ESCOLAR COLONIA BUENA VISTA,2,0,233,0.00
B10,13363,CENTRO ESCOLAR CANTON EL FARITO,1,0,120,0.00
B10,13364,CENTRO ESCOLAR HACIENDA LA CAÑADA,2,0,139,0.00
B10,13365,COMPLEJO EDUCATIVO  CANTON EL JAGUEY,6,0,403,0.00
B10,13385,COMPLEJO EDUCATIVO JOHN F. KENNEDY,9,9,341,261.00
B10,13391,INSTITUTO NACIONAL DE EL SAUCE,4,1,136,0.00
B10,13410,CENTRO ESCOLAR CANTON EL CARAO,2,0,133,1.00
B10,13411,INSTITUTO NACIONAL CANTÓN AMAPALITA,2,2,100,61.00
B10,13419,CENTRO ESCOLAR COLONIA BELEN,2,7,123,91.00
B15,13420,"CENTRO ESCOLAR CASERIO LA PAZ, CANTON SIRAMA",0,0,41,0.00
B10,13431,CENTRO ESCOLAR LA SINCUYA,3,0,156,0.00
B10,13433,CENTRO ESCOLAR CANTON AGUA CALIENTE,3,0,136,0.00
B15,13436,CENTRO ESCOLAR CANTON SIRAMA,0,0,35,0.00
B10,13438,CENTRO ESCOLAR CANTON EL JICARO,6,0,119,0.00
B15,13473,CENTRO ESCOLAR JOSÉ MARCELO SANTOS,2,0,78,0.00
B15,13477,"CENTRO ESCOLAR CASERIO EL AMATILLO, CANTON SANTA CLARA",0,0,46,0.00
B10,13490,CENTRO ESCOLAR CANTON SAN CARLOS,2,0,105,0.00
B10,13492,CENTRO ESCOLAR CANTON EL POLVO,0,0,102,0.00
B15,13495,CENTRO ESCOLAR CANTON SAN JOSE,0,0,34,0.00
B15,13502,"CENTRO ESCOLAR CASERIO LA CEIBA, CANTON PUEBLO",2,0,107,0.00
B10,13513,COMPLEJO EDUCATIVO PROFESOR RAFAEL ÁNGEL MARTÍNEZ RÍOS,4,0,210,0.00
B15,13519,"CENTRO ESCOLAR CASERIO LA GUACAMAYERA, CANTON BOBADILLA",0,0,40,0.00
B15,13523,"CENTRO ESCOLAR CASERIO EL RETUMBO, CANTON EL TIZATIO",2,5,102,55.00
B10,13546,CENTRO ESCOLAR DE SAN ALEJO,7,5,141,71.00
B7,13555,COMPLEJO EDUCATIVO SAN FRANCISCO,17,0,1254,0.00
B8,13596,INSTITUTO NACIONAL DE ANTIGUO CUSCATLAN,8,0,424,0.00
B8,13607,INSTITUTO NACIONAL DE JUJUTLA,4,0,91,0.00
B8,13611,INSTITUTO NACIONAL DE EREGUAYQUIN,3,0,106,0.00
B10,13620,CENTRO ESCOLAR COLONIA SAN LUIS,5,0,102,0.00
B14,13681,"CENTRO ESCOLAR CASERIO NAVARRETE, CANTON SANTA ROSA",3,0,47,0.00
B8,13707,CENTRO ESCOLAR CANTON CORRAL DE MULAS II,2,0,126,0.00
B13,13788,"CENTRO ESCOLAR CASERIO LOS ALVARADO, CANTON EL CENTRO",0,0,39,0.00
B7,13790,CENTRO ESCOLAR LEANDRO MARIA GUARDADO,6,7,173,156.00
B9,13831,CENTRO ESCOLAR PARAISO REAL,8,0,345,0.00
B9,13832,CENTRO ESCOLAR GUILLERMO DE JESÚS RAMÍREZ CARRANZA,5,0,113,0.00
B14,14278,CENTRO ESCOLAR CANTON EL ZAPOTE,3,0,39,0.00
B8,14732,INSTITUTO NACIONAL DE CIUDAD DELGADO,7,0,200,1.00
B9,14733,CENTRO ESCOLAR SAN ISIDRO LABRADOR,4,0,55,0.00
B8,14736,CENTRO ESCOLAR ANTONIO FERNANDEZ IBAÑEZ,0,0,76,0.00
B8,14753,INSTITUTO NACIONAL TEXISTEPEQUE,4,0,243,0.00
B7,14757,INSTITUTO NACIONAL DE NOMBRE DE JESÚS,5,0,106,0.00
B8,14783,INSTITUTO NACIONAL FRANCISCO ARIEL NAJARRO ARTIGA,9,3,190,64.00
B10,14786,INSTITUTO NACIONAL LICENCIADA CÁNDIDA ASUNCIÓN REYES,7,2,296,0.00
B15,14787,"CENTRO ESCOLAR CASERIO EL CENTRO, CANTON VARILLA NEGRA",2,0,60,0.00
B8,14789,INSTITUTO NACIONAL DE ESTANZUELAS,5,0,174,0.00
B8,14790,INSTITUTO NACIONAL DE SAN FRANCISCO JAVIER,3,0,69,0.00
B8,14791,INSTITUTO NACIONAL DE OZATLÁN ANA SILVIA PARADA,5,0,177,0.00
B9,14794,INSTITUTO NACIONAL DE POTONICO,2,0,50,0.00
B8,14795,INSTITUTO NACIONAL DE LA LAGUNA,3,0,85,0.00
B10,14797,INSTITUTO NACIONAL DE PERQUÍN,2,0,113,0.00
B8,14799,INSTITUTO NACIONAL DE SANTIAGO TEXACUANGOS,4,0,108,0.00
B12,14800,INSTITUTO NACIONAL DE SAN JUAN OPICO,3,0,334,0.00
B8,14804,INSTITUTO NACIONAL SANTA MARÍA,4,0,109,0.00
B13,14805,INSTITUTO NACIONAL CANTÓN EL PACÚN,3,0,101,0.00
B11,14809,CENTRO ESCOLAR COLONIA LAS PALMERAS,2,0,50,0.00
B9,14816,INSTITUTO NACIONAL ESTADO DE ISRAEL,4,0,86,0.00
B9,14817,INSTITUTO NACIONAL DE SAN RAFAEL,3,0,89,0.00
B9,14819,INSTITUTO NACIONAL HEBER REMBERTO TRUJILLO DIAZ,2,0,67,0.00
B11,14826,CENTRO ESCOLAR CATALINO PINEDA RIVERA,3,0,78,0.00
B11,14828,CENTRO ESCOLAR COMUNIDAD EL REFUGIO,2,0,74,0.00
B16,14831,INSTITUTO NACIONAL NUEVA ESPERANZA DEL BAJO LEMPA,3,0,74,0.00
B9,14833,INSTITUTO NACIONAL DE CHAPELTIQUE,4,0,288,0.00
B9,14842,INSTITUTO NACIONAL FRANCISCO GAVIDIA,7,0,638,0.00
B12,14843,CENTRO ESCOLAR COLONIA LAGUNA SECA,0,0,30,0.00
B8,14847,CENTRO ESCOLAR CASERIO LAS POZAS N°2 CANTON TALPETATE,6,0,143,0.00
B9,14848,INSTITUTO NACIONAL DE SAN JOSÉ LAS FLORES,2,0,49,0.00
B15,14855,"CENTRO ESCOLAR CASERIO EL CARBON, CANTON ABELINES",4,0,43,0.00
B14,14857,CENTRO ESCOLAR CANTON EL CENTRO,0,0,68,0.00
B7,14858,CENTRO ESCOLAR ATONAL,1,0,97,0.00
B16,14860,CENTRO ESCOLAR CASERIO EL SITIO CANTON SANTA LUCIA,3,0,43,0.00
B12,14869,INSTITUTO NACIONAL TECPAN,4,0,307,3.00
B8,14871,INSTITUTO NACIONAL DE NUEVA GRANADA,3,0,79,0.00
B15,14875,INSTITUTO NACIONAL DE GUALOCOCTI,4,0,83,0.00
B11,60004,"CENTRO ESCOLAR CASERÍO SAN VENANCIO, CANTÓN EL JUNQUILLO",3,0,95,0.00
B11,60006,"CENTRO ESCOLAR CASERÍO GUAYALTEPE, CANTÓN LOMA DE LA GLORIA",2,0,55,0.00
B11,60007,"CENTRO ESCOLAR CASERÍO HACIENDA EL OBRAJUELO, CANTÓN RÍO FRÍO",5,6,239,222.00
B11,60011,CENTRO ESCOLAR CANTÓN EL ANONAL,3,0,89,0.00
B11,60012,CENTRO ESCOLAR CANTÓN TACUBITA,3,0,55,0.00
B11,60014,"CENTRO ESCOLAR CASERÍO LAGUNA VERDE, CANTÓN PALO VERDE",2,0,54,0.00
B11,60018,"CENTRO ESCOLAR CASERÍO FINCA PRETORIA, CANTÓN TALTAPANCA",2,0,35,0.00
B11,60023,CENTRO ESCOLAR CANTÓN PEPENANCE,6,0,236,0.00
B11,60035,"CENTRO ESCOLAR FINCA MATALA, CANTÓN EL NARANJITO",2,0,54,0.00
B11,60036,"CENTRO ESCOLAR CASERÍO CASHAGUA, CANTÓN CAUTA ARRIBA",2,0,70,0.00
B11,60041,CENTRO ESCOLAR CANTÓN EL ZARZAL,2,0,46,0.00
B11,60048,CENTRO ESCOLAR CANTÓN LOS PUENTECITOS,2,0,41,0.00
B11,60049,CENTRO ESCOLAR CANTÓN LA ESPERANZA,2,1,33,0.00
B11,60055,"CENTRO ESCOLAR CASERÍO EL TRIUNFO, CANTÓN GUAYAPA ARRIBA",3,0,60,0.00
B11,60058,"CENTRO ESCOLAR CASERÍO LA LOMA, CANTÓN LOS AMATES",2,0,85,0.00
B16,60060,"CENTRO ESCOLAR CASERÍO LA HONDA, CANTÓN SAN DIEGO",2,0,47,0.00
B11,60061,"CENTRO ESCOLAR CASERÍO SAN ANTONIO EN MEDIO, CANTÓN SAN ANTONIO",2,0,105,0.00
B11,60062,"CENTRO ESCOLAR CASERÍO SAN ALFONSO, CANTÓN SAN BENITO",3,0,90,0.00
B11,60066,"CENTRO ESCOLAR CASERÍO EL CHINO, CANTÓN GARITA PALMERA",4,0,76,0.00
B11,60068,"CENTRO ESCOLAR CASERÍO RANCHO SAN MARCOS, CANTÓN LA HACHADURA",2,0,87,0.00
B11,60074,"CENTRO ESCOLAR CASERÍO LOS ENCUENTROS, CANTÓN EL COROZO",2,0,36,0.00
B11,60075,"CENTRO ESCOLAR CASERÍO TAMASHA, CANTÓN EL COROZO",3,0,82,0.00
B11,60079,CENTRO ESCOLAR CANTÓN PULULAPA,2,0,49,0.00
B15,60080,"COMPLEJO EDUCATIVO CASERÍO SAN DIEGUITO, CANTÓN SAN DIEGO",3,0,88,0.00
B11,60081,CENTRO ESCOLAR CANTÓN EL DURAZNO,2,0,39,0.00
B11,60091,"CENTRO ESCOLAR CASERÍO LAS PALMERAS, CANTÓN SAN JUAN",6,0,238,0.00
B11,60098,"CENTRO ESCOLAR CASERÍO LOMAS DE SAN ANTONIO, CANTÓN EL CHAGUITE",2,0,77,0.00
B11,60099,CENTRO ESCOLAR CANTÓN EL CHAGUITE,2,0,96,0.00
B11,60102,"CENTRO ESCOLAR CASERIO HACIENDA EL MILAGRO, C. MONTE HERMOSO ABAJO",1,0,52,0.00
B16,60105,"CENTRO ESCOLAR CASERÍO LOS ORELLANA, CANTÓN SAN MATIAS",2,0,69,0.00
B11,60107,CENTRO ESCOLAR CANTÓN GUACHIPILIN,2,0,37,0.00
B15,60109,"CENTRO ESCOLAR CASERÍO OJOS DE AGUA, CANTÓN AGUA ZARCA",2,0,52,0.00
B15,60111,"CENTRO ESCOLAR CASERO LA PLANTA, CANTÓN EL RODEO",2,0,53,0.00
B15,60113,"CENTRO ESCOLAR CASERÍO GUACHIPILÍN CENTRO, CANTÓN GUACHIPILÍN",4,0,64,0.00
B15,60115,"CENTRO ESCOLAR CASERÍO EL SALAMO, CANTÓN CALAVERA",3,0,44,0.00
B12,60116,"CENTRO ESCOLAR CASERÍO EL PROGRESO, CANTÓN SAN ALFONSO",0,0,105,0.00
B15,60117,"CENTRO ESCOLAR COLONIA BENDICIÓN DE DIOS, CANTÓN COFRADÍA NUEVA",0,0,43,0.00
B14,60120,CENTRO ESCOLAR CANTÓN CUJUAPA,0,0,45,0.00
B13,60123,CENTRO ESCOLAR CANTÓN EL TRANSITO,2,1,50,0.00
B12,60131,"CENTRO ESCOLAR CASERÍO CERRO PARTIDO, CANTÓN LOS APOYOS",0,0,49,0.00
B11,60133,"CENTRO ESCOLAR CASERÍO COLONIA VENECIA, CANTÓN LLANO DE LA LAGUNA",2,0,43,0.00
B11,60135,"CENTRO ESCOLAR CASERÍO LOS AREVALOS, CANTÓN EL ANONAL",2,0,36,0.00
B11,60139,CENTRO ESCOLAR CANTÓN ROSARIO ARRIBA,2,0,50,0.00
B13,60143,"CENTRO ESCOLAR CASERIO BELLA VISTA, CANTÓN LOS PLANES",0,0,49,0.00
B12,60145,"CENTRO ESCOLAR COLONIA LOS ANGELES, CANTÓN SAN PABLO EL LLANO",0,0,39,0.00
B13,60150,CENTRO ESCOLAR URBANIZACIÓN FLORES,3,0,62,0.00
B12,60157,CENTRO ESCOLAR CANTÓN MIZATA,4,0,200,0.00
B12,60161,"CENTRO ESCOLAR CASERÍO LA CHACRA, CANTÓN AGUA CALIENTE",2,0,36,0.00
B12,60163,"CENTRO ESCOLAR CASERÍO EL CASTAÑO, CANTÓN EL PRESIDIO",0,0,45,0.00
B12,60164,"CENTRO ESCOLAR LOTIFICACIÓN SAN JOSÉ, CANTÓN LOMA DEL MUERTO",2,0,46,0.00
B13,60171,"CENTRO ESCOLAR CASERÍO EL ESCAMIL, CANTÓN SANTA ROSA",4,1,56,0.00
B16,60178,"CENTRO ESCOLAR COLONIA SAN JUAN BOSCO NÚMERO UNO, CANTÓN EL TRILLO",1,0,42,0.00
B16,60188,CENTRO ESCOLAR CANTÓN EL AMATON,0,0,54,0.00
B11,60196,"CENTRO ESCOLAR CASERÍO EL AMATÓN, CANTÓN EL TANQUE",2,0,69,0.00
B11,60209,"CENTRO ESCOLAR CASERÍO LOS PALMOS LA DANTA, CANTÓN LA HACHADURA",1,0,48,0.00
B9,60212,"CENTRO ESCOLAR CASERÍO COMUNIDAD ELENO CASTRO, CANTÓN LOMAS DE RAMOS",0,0,42,0.00
B16,60217,CENTRO ESCOLAR INGENIERO RAMÓN ENRIQUE VENTURA PORTILLO,2,0,62,0.00
B16,60219,CENTRO ESCOLAR CANTÓN SAN MARCOS,0,0,49,0.00
B10,60220,"CENTRO ESCOLAR CASERÍO SAN ISIDRO, CANTÓN SIRAMA",2,0,170,0.00
B7,60230,CENTRO ESCOLAR BELEN VILLA PALESTINA,6,0,344,0.00
B13,60231,CENTRO ESCOLAR CANTÓN SANTA ROSA,2,0,42,0.00
B13,60237,"CENTRO ESCOLAR BELLO HORIZONTE, CANTÓN LA SHILA",1,0,99,0.00
B10,60243,CENTRO ESCOLAR CANTÓN LOS ANGELES,2,2,99,97.00
B11,60259,"CENTRO ESCOLAR CASERÍO GUAYAPA ARRIBA, CANTÓN GUAYAPA ARRIBA",1,0,41,0.00
B11,60262,CENTRO ESCOLAR PAZ Y PROGRESO,3,0,67,0.00
B11,60263,"CENTRO ESCOLAR CASERÍO LOS PINOS, CANTÓN SAN RAFAEL",2,0,59,0.00
B11,60268,"CENTRO ESCOLAR HACIENDA SAN CAYETANO, CANTON LLANO DE LA LAGUNA",2,0,65,0.00
B12,60273,"CENTRO ESCOLAR CASERÍO EL CONCHALITO, CANTÓN SAN ANTONIO LOS BLANCOS",0,0,39,0.00
B12,60275,"CENTRO ESCOLAR CASERÍO EL MOZOTE, CANTÓN SAN ANTONIO LOS BLANCOS",2,0,65,0.00
B12,60280,"CENTRO ESCOLAR LOTIFICACIÓN PALMERAS DE PARÍS, CANTÓN TRES CEIBAS",0,0,90,0.00
B12,60282,"CENTRO ESCOLAR COLONIA EL MILAGRO, CASERÍO LAS MERCEDES, CANTÓN LOS LAGARTOS",2,0,53,0.00
B12,60286,"CENTRO ESCOLAR CASERÍO LA CEIBA, CANTÓN SAN RAFAEL",0,0,40,0.00
B12,60287,"CENTRO ESCOLAR LOTIFICACIÓN LA MONTAÑITA Nº 1, CANTÓN EL CERRITO",1,0,32,0.00
B11,60292,"CENTRO ESCOLAR URBANIZACIÓN BELLA VISTA, CANTÓN PRIMAVERA",3,0,191,0.00
B10,60295,CENTRO ESCOLAR RESIDENCIAL REGALO DE DIOS,0,0,44,0.00
B15,60297,"CENTRO ESCOLAR CASERÍO EL ZUNGANO, CANTÓN LOS ABELINES",2,0,69,0.00
B12,60301,"CENTRO ESCOLAR CASERÍO LA LECHERA, CANTÓN LA UNIÓN",2,0,36,0.00
B16,60305,INSTITUTO NACIONAL PABLO TESAK,2,0,106,0.00
B12,60307,"CENTRO ESCOLAR CASERÍO EL MILAGRO, CANTÓN EL COYOL",0,0,93,0.00
B16,60309,"CENTRO ESCOLAR COLONIA LA USULUTECA, CANTÓN LA PEÑA",5,0,73,0.00
B12,60310,"CENTRO ESCOLAR LOTIFICACIÓN EL JORDAN I, CANTÓN RANCHADOR",3,0,55,0.00
B7,60314,"CENTRO ESCOLAR CASERÍO EL CALVARIO, CANTÓN LA LOMA",2,0,199,0.00
B9,60318,CENTRO ESCOLAR COMUNIDAD BOSQUES DE PERULAPIA,0,0,71,0.00
B15,60323,"CENTRO ESCOLAR CASERÍO LOS HERNÁNDEZ, CANTÓN JOYA DEL MATAZANO",4,0,63,0.00
B12,60327,"CENTRO ESCOLAR CASERÍO LOS MARINES AGUA ZARCA, CANTÓN METALÍO",0,0,70,0.00
B11,60333,COMPLEJO EDUCATIVO COLONIA NUEVA ILAMATEPEC,2,0,190,0.00
B12,62001,"CENTRO ESCOLAR CASERÍO BOCA DE MONTAÑA, CANTÓN CASA DE TEJA",0,0,42,0.00
B11,62006,"CENTRO ESCOLAR CASERÍO LUISIANA, CANTÓN EL CERRO",2,0,57,0.00
B11,62007,"CENTRO ESCOLAR CASERÍO EL ROSARIO, CANTÓN EL RESBALADERO",3,0,80,0.00
B12,62009,CENTRO ESCOLAR CANTÓN OJO DE AGUA,0,0,50,0.00
B11,62011,"CENTRO ESCOLAR CASERÍO EL PITAL, CANTÓN LA MAGDALENA",2,0,71,0.00
B11,62013,"CENTRO ESCOLAR CASERÍO SABANETAS, CANTÓN EL PASTE",2,0,54,0.00
B11,62014,"COMPLEJO EDUCATIVO CASERÍO LOTIFICACIÓN SAN IGNACIO, CANTÓN GALEANO",0,0,166,0.00
B11,62015,"CENTRO ESCOLAR CASERÍO EL ROSARIO, CANTÓN SAN JOSÉ LAS FLORES",3,0,55,0.00
B11,62030,CENTRO ESCOLAR CANTÓN HONDURITAS,3,3,109,0.00
B12,62036,"CENTRO ESCOLAR CASERÍO LA PEÑA, CANTÓN CUYUISCAT",2,0,30,0.00
B12,62037,"CENTRO ESCOLAR CASERÍO LAGUNETAS, CANTÓN LA CEIBITA",1,0,55,0.00
B12,62044,"CENTRO ESCOLAR CASERÍO EL AMATAL, CANTÓN SAN JERÓNIMO",0,0,31,0.00
B12,62045,"CENTRO ESCOLAR CASERÍO GUAYABILLAS, CANTÓN SAN JERONIMO",0,0,45,0.00
B12,62047,"CENTRO ESCOLAR CASERÍO VALLE NUEVO, CANTÓN SAN ANTONIO MASAHUAT",2,0,43,0.00
B11,62048,"CENTRO ESCOLAR CASERÍO LAS CRUCES, CANTÓN BELÉN GUIJAT",0,0,89,0.00
B12,62053,"CENTRO ESCOLAR CASERÍO PITA FLOJA, CANTÓN MATALAPA",2,0,52,0.00
B12,62054,CENTRO ESCOLAR CANTÓN EL SHISTE,2,0,44,0.00
B11,62062,"CENTRO ESCOLAR CASERÍO AYUTICA, CANTÓN AYUTA",0,0,71,0.00
B12,62069,"CENTRO ESCOLAR CASERÍO ESQUIPULAS, CANTÓN NANCINTEPEQUE",1,0,41,0.00
B12,62070,"CENTRO ESCOLAR CASERÍO LOS RIVAS, CANTÓN NANCINTEPEQUE",2,0,52,0.00
B11,62074,"CENTRO ESCOLAR CASERÍO PINALITO, CANTÓN EL CIPRESAL",2,2,67,66.00
B11,62075,"CENTRO ESCOLAR CASERÍO EL SAUCE, CANTÓN PINALITO",3,0,73,0.00
B11,62079,CENTRO ESCOLAR CANTÓN EL DESPOBLADO,2,0,88,0.00
B12,62090,"CENTRO ESCOLAR CASERÍO AGUA CALIENTE, CANTÓN EL JUTE",0,0,50,0.00
B12,62093,"CENTRO ESCOLAR CASERÍO BARRANQUILLA, CANTÓN SAN MIGUEL",0,0,39,0.00
B12,64005,"CENTRO ESCOLAR CASERÍO LAS CUREÑAS, CANTÓN METALÍO",2,0,78,0.00
B12,64006,"CENTRO ESCOLAR CASERÍO EL NANCE, CANTÓN METALÍO",3,0,84,0.00
B12,64008,"CENTRO ESCOLAR CASERÍO LA PLAYA, CANTÓN METALÍO",2,0,53,0.00
B12,64010,CENTRO ESCOLAR CANTÓN VALLE NUEVO,0,0,55,0.00
B12,64017,CENTRO ESCOLAR CANTÓN LAS FLORES,1,0,34,0.00
B12,64030,"CENTRO ESCOLAR CASERÍO LOS PEÑAS, CANTÓN ACACHAPA",0,0,62,0.00
B12,64033,"CENTRO ESCOLAR CASERÍO LOS ENCUENTROS, CANTÓN ACACHAPA ARRIBA",2,0,49,0.00
B12,64035,CENTRO ESCOLAR CANTÓN CHORRO ABAJO,3,0,63,0.00
B12,64039,"CENTRO ESCOLAR CASERÍO LAS MARÍAS, CANTÓN LAS MARIAS",1,0,43,0.00
B12,64040,"CENTRO ESCOLAR CASERÍO SANTO TOMAS, CANTÓN LAS MARÍAS",0,0,51,0.00
B12,64041,"CENTRO ESCOLAR CASERÍO MARÍA AUXILIADORA, CANTÓN LAS MARÍAS",1,0,32,0.00
B12,64043,"CENTRO ESCOLAR CASERÍO LA CHACARITA, CANTÓN LAS LAJAS",3,0,55,0.00
B12,64048,CENTRO ESCOLAR CANTÓN CANGREJERA,0,0,29,0.00
B12,64051,CENTRO ESCOLAR CANTÓN BUENOS AIRES,0,0,36,0.00
B11,64065,CENTRO ESCOLAR CANTÓN TAJCUILUJLAN,5,0,351,0.00
B12,64066,"CENTRO ESCOLAR CASERÍO LA BOLSONA, CANTÓN ALEMÁN",1,0,57,0.00
B12,64067,"CENTRO ESCOLAR CASERÍO SAN MIGUELITO, CANTÓN ALEMÁN",1,0,45,0.00
B12,64068,"CENTRO ESCOLAR CASERÍO EL CONFÍN, CANTÓN ALEMÁN",2,0,36,0.00
B12,64071,"CENTRO ESCOLAR CASERÍO EL CARRIZAL, CANTÓN LOS ANISALES",1,0,39,0.00
B12,64074,"CENTRO ESCOLAR CASERÍO CASA BLANCA, CANTÓN LOS LAGARTOS",0,0,62,0.00
B12,64075,"CENTRO ESCOLAR CASERÍO LOS ÁNGELES, CANTÓN LOS LAGARTOS",2,0,44,0.00
B12,64076,"CENTRO ESCOLAR CASERÍO EL SAUCE, CANTÓN PETACAS",2,0,37,0.00
B12,64086,"CENTRO ESCOLAR CASERÍO LOMA LARGA, CANTÓN EL MATAZANO",3,0,73,0.00
B12,64090,"CENTRO ESCOLAR CASERÍO LOS MACHADOS, CANTÓN SAN RAFAEL",0,2,52,0.00
B12,64092,CENTRO ESCOLAR CANTÓN EL ZOPE,2,0,37,0.00
B12,64093,"CENTRO ESCOLAR CASERÍO LOS RIVERA, CANTÓN EL CAULOTE",2,0,82,0.00
B11,64095,"COMPLEJO EDUCATIVO CASERÍO RODESIA, CANTÓN CHIQUIHUAT",5,0,90,0.00
B11,64096,"CENTRO ESCOLAR CASERÍO HACIENDA TAZULATH, CANTÓN CHIQUIHUAT",2,0,120,0.00
B12,64097,"CENTRO ESCOLAR CASERÍO NUEVO MEXICO, CANTÓN CHIQUIHUAT",3,0,67,0.00
B12,64103,"CENTRO ESCOLAR CASERÍO HACIENDA SIHUANANGO, CANTÓN SANTA EMILIA",2,2,59,0.00
B12,64104,"CENTRO ESCOLAR CASERÍO EL JOCOTILLO, CANTÓN MIRAVALLES",2,0,93,0.00
B12,64108,"CENTRO ESCOLAR CASERÍO LOTIFICACIÓN BUENOS AIRES 2, CANTÓN LOMA DEL MUERTO",3,0,77,0.00
B12,64111,CENTRO ESCOLAR CANTÓN LA ENSENADA,0,0,40,0.00
B11,64114,"CENTRO ESCOLAR CASERÍO MARGINACIÓN EL PROGRESO 1 Y 2, CANTÓN EL JOBO",2,0,194,0.00
B12,64115,"CENTRO ESCOLAR CASERÍO BARRA SALADA, CANTÓN SALINAS DE AYACACHAPA",0,0,50,0.00
B12,64116,"CENTRO ESCOLAR CASERÍO VISTA HERMOSA, CANTÓN SALINAS DE AYACACHAPA",1,0,15,0.00
B12,64117,CENTRO ESCOLAR CANTÓN EL PUENTE,2,0,47,0.00
B11,64118,COMPLEJO EDUCATIVO CANTÓN PALO COMBO,6,7,206,0.00
B11,64123,"CENTRO ESCOLAR CASERÍO SAN CRISTÓBAL, CANTÓN MIRAVALLES",4,0,173,0.00
B12,64126,"CENTRO ESCOLAR CASERÍO COLONIA LA SABANA, CANTÓN APANCOYO ARRIBA",1,0,39,0.00
B13,66008,CENTRO ESCOLAR CANTÓN LLANO DE LA VIRGEN,3,0,65,0.00
B7,66039,CENTRO ESCOLAR CANTON LAS GRANADILLAS,5,1,133,0.00
B13,66042,"CENTRO ESCOLAR CASERÍO LOS MORALES, CANTÓN LAS GRANADILLAS",0,0,38,0.00
B7,66043,COMPLEJO EDUCATIVO CANTÓN LOS PLANES,4,0,311,0.00
B13,66049,"CENTRO ESCOLAR CASERIO LA CUMBRE, CANTÓN SAN JOSE SACARE",2,0,39,0.00
B13,66051,CENTRO ESCOLAR CANTON LOS HORCONES,0,0,43,0.00
B13,66052,"CENTRO ESCOLAR CASERIO GUAYABITO, CANTÓN LOS HORCONES",3,0,63,0.00
B13,66063,"CENTRO ESCOLAR CASERÍO POTRERILLOS, CANTÓN LAS CAÑAS",3,0,62,0.00
B13,66066,CENTRO ESCOLAR CANTON TALCHALUYA,0,0,28,0.00
B13,66068,CENTRO ESCOLAR CANTÓN LOS TECOMATES,3,0,50,0.00
B13,66078,CENTRO ESCOLAR CANTON PLAZUELAS,0,0,42,0.00
B13,66082,CENTRO ESCOLAR CANTON EL JUNQUILLO,0,1,37,0.00
B13,66085,CENTRO ESCOLAR CANTÓN HACIENDA VIEJA,4,0,68,0.00
B13,66091,"CENTRO ESCOLAR CASERÍO CHICUMA, CANTÓN EL GAVILÁN",2,0,73,0.00
B13,66093,"CENTRO ESCOLAR CASERÍO EL ASTILLERO, CANTÓN EL GAVILÁN",4,0,64,0.00
B7,66108,CENTRO ESCOLAR CANTÓN PAÑANALAPA,6,0,155,0.00
B13,66115,CENTRO ESCOLAR CANTON LOS SITIOS,0,0,44,0.00
B7,66118,COMPLEJO EDUCATIVO CANTÓN SAN BENITO,8,0,165,0.00
B13,66120,"CENTRO ESCOLAR CASERÍO LOS MORALES, CANTÓN SANTA ANA",4,0,69,0.00
B13,66121,COMPLEJO EDUCATIVO CANTÓN SAN JUAN DE LA CRUZ,5,0,68,0.00
B13,66123,CENTRO ESCOLAR CANTON VALLE DE JESUS,2,0,80,0.00
B13,66125,CENTRO ESCOLAR CANTON LOS NARANJOS,2,1,72,0.00
B7,66131,CENTRO ESCOLAR CANTÓN EL CENTRO,2,0,159,0.00
B13,66132,"CENTRO ESCOLAR CASERÍO LAS ARADAS, CANTÓN EL CENTRO",4,0,64,0.00
B7,66141,"CENTRO ESCOLAR CASERÍO EL TRONCONAL, CANTÓN PIEDRAS GORDAS",6,0,159,0.00
B13,66147,"CENTRO ESCOLAR CASERÍO EL TABLÓN, CANTÓN EL PORTILLO",0,0,41,0.00
B13,66153,"CENTRO ESCOLAR CASERÍO COMUNIDAD SANTA FE, CANTÓN EL TABLÓN",5,0,57,0.00
B13,68013,CENTRO ESCOLAR CANTÓN CERRO DE PLATA,2,0,84,0.00
B7,68016,"CENTRO ESCOLAR CASERÍO LAS ARBOLEDAS, CANTÓN LOURDES",8,0,368,0.00
B7,68019,COMPLEJO EDUCATIVO JOSÉ RODRÍGUEZ VALLE,8,0,244,0.00
B13,68024,CENTRO ESCOLAR CANTÓN EL PEÑÓN,3,0,43,0.00
B13,68028,"CENTRO ESCOLAR CASERÍO EL SITIO, CANTÓN LA SHILA",3,0,90,0.00
B13,68029,"CENTRO ESCOLAR CASERÍO COOPERATIVA EL SITIO, CANTÓN LA SHILA",0,0,67,0.00
B13,68039,"CENTRO ESCOLAR CASERÍO SAN LUIS, CANTÓN SIBERIA",0,0,48,0.00
B13,68042,CENTRO ESCOLAR CANTÓN EL REGADIO,0,0,82,0.00
B13,68046,CENTRO ESCOLAR CANTÓN AMAQUILCO,3,0,58,0.00
B13,68047,"CENTRO ESCOLAR CASERÍO LA ESPERANZA, CANTÓN AMAQUILCO",3,0,62,0.00
B13,68055,CENTRO ESCOLAR CANTÓN TILAPA,0,0,73,0.00
B13,68056,CENTRO ESCOLAR CANTÓN LA LABOR,2,0,65,0.00
B13,68058,CENTRO ESCOLAR CANTÓN LAS FLORES,3,1,96,0.00
B13,68070,"CENTRO ESCOLAR CASERÍO SAN LUIS EL COYOLAR, CANTÓN EL CIMARRÓN",0,0,44,0.00
B13,68079,CENTRO ESCOLAR CANTÓN EL LIMÓN,2,0,75,0.00
B13,68085,CENTRO ESCOLAR CANTÓN LOS PAJALES,2,0,73,0.00
B13,68086,CENTRO ESCOLAR CANTÓN VICTORIA,0,0,37,0.00
B13,68091,"CENTRO ESCOLAR CASERÍO AGUA FRIA, CANTÓN LAS MERCEDES",1,0,53,0.00
B13,68104,CENTRO ESCOLAR CANTÓN LA MONTAÑITA,2,1,52,0.00
B13,68105,"CENTRO ESCOLAR CASERÍO ESPÍRITU SANTO, CANTÓN EL ESCALÓN",2,0,59,0.00
B7,68110,"CENTRO ESCOLAR CASERÍO EL CAMBIO, CANTÓN CHANMICO",8,1,372,3.00
B13,68117,CENTRO ESCOLAR CANTÓN PITICHORRO,1,0,63,0.00
B7,68119,CENTRO ESCOLAR CANTÓN SAN NICOLAS LOS ENCUENTROS 1,2,0,113,0.00
B13,68120,CENTRO ESCOLAR CANTÓN SAN NICOLAS LOS ENCUENTROS 2,0,0,51,0.00
B13,68121,CENTRO ESCOLAR CANTÓN SAN PEDRO MARTIR,0,0,87,0.00
B13,68132,"CENTRO ESCOLAR CASERÍO EL RANCHO, CANTÓN SAN PEDRO LAS FLORES",3,0,56,0.00
B13,68142,CENTRO ESCOLAR CANTÓN MOGOTES,0,0,64,0.00
B13,68149,"CENTRO ESCOLAR CASERÍO ITAMAURA, CANTÓN OBRAJE NUEVO",2,0,52,0.00
B13,68152,"CENTRO ESCOLAR CASERÍO SAN JORGE, CANTÓN OBRAJE NUEVO",0,0,47,0.00
B7,68160,"CENTRO ESCOLAR CASERÍO LOTIFICACIÓN SAN ALFONSO, CANTÓN SAN ALFONSO",7,0,186,0.00
B13,68163,"CENTRO ESCOLAR CASERÍO EL IZCANAL, CANTÓN EL PALMAR",0,0,41,0.00
B13,68165,"CENTRO ESCOLAR CASERÍO LA LIMA, CANTÓN EL PALMAR",3,0,96,0.00
B7,68174,CENTRO ESCOLAR CANTÓN BUENOS AIRES,2,0,146,0.00
B13,68180,CENTRO ESCOLAR CANTÓN LOS IZOTES,1,0,51,0.00
B13,68186,CENTRO ESCOLAR CANTÓN SIHUAPILAPA CENTRO,2,0,56,0.00
B13,68192,CENTRO ESCOLAR CANTÓN EL ZACAMIL,0,0,63,0.00
B13,68193,CENTRO ESCOLAR CANTÓN LA JAVILLA,2,0,43,0.00
B13,68196,CENTRO ESCOLAR CANTÓN SAN ANTONIO,1,1,54,0.00
B13,68197,CENTRO ESCOLAR CANTÓN TIERRA COLORADA,1,0,71,0.00
B13,68198,CENTRO ESCOLAR CANTÓN LOS ALPES,0,0,81,0.00
B9,70008,"CENTRO ESCOLAR CASERÍO LOTIFICACIÓN SAN NICOLAS, CANTÓN SAN NICOLAS",0,0,22,0.00
B7,70013,"CENTRO ESCOLAR CASERÍO COMUNIDADES UNIDAS, CANTÓN SAN LUIS MARIONA",0,0,35,0.00
B7,70014,CENTRO ESCOLAR CANTÓN EL TRONADOR,2,0,41,0.00
B10,70023,"CENTRO ESCOLAR CASERÍO SANTA ISABEL, CANTÓN SAN LUCAS",3,0,36,0.00
B13,70027,"CENTRO ESCOLAR CASERÍO COMUNIDAD BETANIA, CANTÓN SHANGALLO ARRIBA",4,0,79,0.00
B13,70043,"CENTRO ESCOLAR CASERÍO LAS MORENAS, CANTÓN AMAYON",2,0,99,0.00
B9,70048,CENTRO ESCOLAR CANTÓN EL GUAYABO,0,0,37,0.00
B7,70055,CENTRO ESCOLAR CANTÓN QUEZALAPA,2,5,212,141.00
B7,70056,COMPLEJO EDUCATIVO CANTÓN SAN ISIDRO,10,4,477,32.00
B7,70058,CENTRO ESCOLAR CANTÓN LAS CRUCITAS,5,0,200,0.00
B8,70059,"CENTRO ESCOLAR CASERÍO LAS MARGARITAS, CANTÓN SAN RAMÓN",2,0,55,0.00
B8,70066,CENTRO ESCOLAR CANTÓN LOMAS DE CANDELARIA,0,0,52,0.00
B10,70071,"CENTRO ESCOLAR CASERÍO LOS PLANES, CANTÓN JOYA GRANDE",0,0,36,0.00
B13,70073,CENTRO ESCOLAR CANTÓN SHALTIPA,5,1,81,0.00
B10,70078,CENTRO ESCOLAR CANTÓN CHALTEPE,2,0,29,0.00
B10,70079,CENTRO ESCOLAR CANTÓN EL CARMEN,2,0,46,0.00
B9,70081,CENTRO ESCOLAR CANTÓN EL PORVENIR,3,0,45,0.00
B13,70086,"CENTRO ESCOLAR CASERÍO EL ROSARIO, CANTÓN EL ROSARIO",3,2,64,30.00
B13,70091,"CENTRO ESCOLAR CASERÍO LOS PARADA, CANTÓN MALACOFF",2,0,84,0.00
B7,70095,"CENTRO ESCOLAR CASERÍO AMATITAN, CANTÓN PLANES DE RENDEROS",0,0,31,0.00
B7,70097,"CENTRO ESCOLAR CASERÍO AMAYITO, CANTÓN AZACUALPA",2,0,95,0.00
B8,70099,"CENTRO ESCOLAR CASERÍO SANTA BARBARITA, CANTÓN SANTA BARBARA",0,0,40,0.00
B14,72010,CENTRO ESCOLAR CANTÓN CONCEPCIÓN,0,1,110,0.00
B14,72017,CENTRO ESCOLAR CANTÓN EL ROSARIO,2,1,64,0.00
B14,72020,CENTRO ESCOLAR CANTÓN SAN ANTONIO,5,5,200,1.00
B14,72023,CENTRO ESCOLAR CANTÓN PALACIOS,2,0,65,0.00
B14,72027,CENTRO ESCOLAR CANTÓN SAN ANTONIO,0,1,42,0.00
B14,72029,CENTRO ESCOLAR CANTÓN LLANO GRANDE,3,0,90,0.00
B14,72032,CENTRO ESCOLAR CANTÓN PIEDRA LABRADA,2,0,84,0.00
B14,72034,CENTRO ESCOLAR CANTÓN RODRÍGUEZ,0,0,53,0.00
B14,72035,"CENTRO ESCOLAR CASERÍO LOMA CHATA, CANTÓN EL SALITRE",2,0,65,0.00
B7,72038,"CENTRO ESCOLAR CASERÍO SAN DIEGO, CANTÓN EL RODEO",2,0,156,0.00
B14,72046,"CENTRO ESCOLAR CASERÍO EL MAGUEYAL, CANTÓN JIBOA",0,0,39,0.00
B14,72049,CENTRO ESCOLAR CANTÓN SAN PEDRO,2,0,106,0.00
B14,72054,"CENTRO ESCOLAR CASERÍO AGUA CALIENTE, CANTÓN EL CAULOTE",3,0,71,0.00
B14,72056,"CENTRO ESCOLAR CASERÍO LA CAJA, CANTÓN LAS DELICIAS",0,0,53,0.00
B14,72059,"CENTRO ESCOLAR CASERÍO ZACAMIL, CANTÓN PLATANARES",2,0,39,0.00
B14,72060,"CENTRO ESCOLAR CASERÍO EL SITIO, CANTÓN PLATANARES",0,0,39,0.00
B14,72066,"CENTRO ESCOLAR CASERÍO EL PAPATURRO, CANTÓN LA BERMUDA",0,0,35,0.00
B14,72068,"CENTRO ESCOLAR CASERÍO SAN RAFAEL, CANTÓN LA BERMUDA",0,1,63,0.00
B14,72070,"CENTRO ESCOLAR CASERÍO MONTEPEQUE, CANTÓN PALACIOS",0,0,35,0.00
B14,72083,CENTRO ESCOLAR CANTÓN SANTA ANITA,2,1,65,0.00
B12,74009,CENTRO ESCOLAR CANTÓN LOS ZACATALES,2,0,91,0.00
B12,74010,CENTRO ESCOLAR CANTÓN BELEN,3,0,49,0.00
B7,74012,CENTRO ESCOLAR CANTÓN SAN ANTONIO LA LOMA,2,0,63,0.00
B12,74013,CENTRO ESCOLAR CANTÓN SAN JOSÉ LOS SOLARES,1,0,48,0.00
B12,74023,CENTRO ESCOLAR CANTÓN TEHUISTE ARRIBA,1,0,57,0.00
B12,74026,CENTRO ESCOLAR CANTÓN LOS LAURELES,2,0,47,0.00
B7,74027,"COMPLEJO EDUCATIVO LOTIFICACIÓN COMALAPA, CANTÓN LA CUCHILLA COMALAPA",7,4,294,77.00
B12,74046,CENTRO ESCOLAR CANTÓN CONCEPCIÓN,0,0,42,0.00
B12,74054,CENTRO ESCOLAR CANTÓN LAS ANIMAS,0,0,31,0.00
B12,74061,CENTRO ESCOLAR LICENCIADO CARLOS ALBERTO MADRID ZUNIGA,0,0,49,0.00
B12,74067,CENTRO ESCOLAR CANTÓN LA ISLETA,0,0,41,0.00
B7,74068,"CENTRO ESCOLAR CASERÍO PAREDES, CANTÓN LA LUCHA.",2,0,59,0.00
B12,74074,"CENTRO ESCOLAR CASERÍO SAN JOSÉ LAS FLORES, CANTÓN TIERRA BLANCA.",0,0,39,0.00
B12,74076,"CENTRO ESCOLAR CASERÍO AGUA ZARCA, CANTÓN EL AMATE.",0,0,29,0.00
B12,74077,"CENTRO ESCOLAR CASERÍO EL GARRAPATERO, CANTÓN LAS TABLAS.",2,0,66,0.00
B12,74082,"CENTRO ESCOLAR CASERÍO LA COLORADA, CANTÓN SAN RAFAEL TASAJERA.",0,0,56,0.00
B12,74083,CENTRO ESCOLAR MADRE TERESA DE CALCUTA,0,0,40,0.00
B14,76001,CENTRO ESCOLAR CANTÓN SAN NICOLAS.,4,0,45,0.00
B14,76005,"CENTRO ESCOLAR CASERÍO CACAHUATAL, CANTÓN TEMPISQUE",2,0,29,0.00
B14,76009,"CENTRO ESCOLAR CASERÍO EL CARRIZAL, CANTÓN LAS HUERTAS",3,0,44,0.00
B14,76015,"CENTRO ESCOLAR CASERÍO SAN LUIS GRAMAL, CANTÓN SAN FRANCISCO DEL MONTE",4,2,51,48.00
B14,76016,"CENTRO ESCOLAR CASERÍO SANTA MARÍA LOS MILAGROS, CANTÓN CALERA",4,0,80,0.00
B7,76022,CENTRO ESCOLAR CANTÓN COLONIA LA PALMA,7,0,110,0.00
B14,76023,CENTRO ESCOLAR CANTÓN CAROLINA NO. 2,4,0,76,0.00
B14,76024,CENTRO ESCOLAR CANTÓN SANTA BARBARA,2,0,44,0.00
B14,76026,"CENTRO ESCOLAR CASERÍO FLOR AMARILLA, CANTÓN EL AMATE",3,2,71,43.00
B14,76032,"COMPLEJO EDUCATIVO CASERÍO EL ESPINO, CANTÓN CUYANTEPEQUE",2,0,71,0.00
B14,76034,"CENTRO ESCOLAR CASERÍO LOS ALMENDROS, CANTÓN LAS MARÍAS",2,0,49,0.00
B14,76042,"CENTRO ESCOLAR CASERÍO EL SALITRE, CANTÓN SAN GREGORIO",2,0,46,0.00
B14,76044,CENTRO ESCOLAR MONSEÑOR BENJAMIN BARRERA Y REYES,3,0,65,0.00
B14,76046,"CENTRO ESCOLAR CASERÍO AZACUALPITA, CANTÓN EL ZAPOTE",5,0,65,0.00
B14,76051,CENTRO ESCOLAR CANTÓN AZACUALPA,5,0,58,0.00
B14,76052,CENTRO ESCOLAR CANTÓN EL CARACOL,5,0,71,0.00
B14,76053,CENTRO ESCOLAR CANTÓN LA UVILLA,3,0,50,0.00
B14,76055,"CENTRO ESCOLAR CASERÍO EL PALOMAR, CANTÓN PARATAO",4,0,79,0.00
B14,76057,CENTRO ESCOLAR CANTÓN SAN ANTONIO,3,1,79,0.00
B14,76059,"CENTRO ESCOLAR CASERÍO LOS NARANJOS, CANTÓN CAÑAFISTULA",5,0,86,0.00
B14,76061,"CENTRO ESCOLAR CASERÍO CHAPELCORO ARRIBA, CANTÓN CHAPELCORO",1,0,48,0.00
B14,76063,"COMPLEJO EDUCATIVO CASERÍO MONTECRISTO, CANTÓN EL RINCÓN",5,0,101,0.00
B14,76065,"CENTRO ESCOLAR CASERÍO EL JOCOTE, CANTÓN NIQUERESQUE",3,0,53,0.00
B14,76066,CENTRO ESCOLAR CANTÓN SAN CARLOS,2,0,61,0.00
B14,76068,"CENTRO ESCOLAR CASERÍO LOS DELGADOS, CANTÓN SAN JOSÉ",2,0,31,0.00
B14,76075,CENTRO ESCOLAR CANTÓN SAN BENITO,5,0,50,0.00
B13,78008,"CENTRO ESCOLAR CASERÍO EL ZAPOTE, CANTÓN SAN FELIPE",4,0,94,0.00
B13,78009,CENTRO ESCOLAR CANTÓN SAN JACINTO,3,0,56,0.00
B13,78018,"CENTRO ESCOLAR CASERÍO SAN FAUSTINO, CANTÓN SAN PEDRO",3,0,39,0.00
B13,78021,CENTRO ESCOLAR CANTÓN SAN BENITO PIEDRA GORDA,4,0,46,0.00
B13,78023,"CENTRO ESCOLAR CASERÍO LA ENTREVISTA, CANTÓN CANDELARIA ARRIBA",3,0,27,0.00
B14,78027,CENTRO ESCOLAR CANTÓN EL TORTUGUERO,5,1,155,0.00
B13,78028,CENTRO ESCOLAR CANTÓN SAN JERONIMO,4,0,79,0.00
B13,78030,CENTRO ESCOLAR CANTÓN SANTA ROSA,2,0,32,0.00
B10,78036,CENTRO ESCOLAR CANTÓN SAN JACINTO LA BURRERA,8,0,95,0.00
B13,78038,"COMPLEJO EDUCATIVO CASERÍO SAN FRANCISCO DE LA CRUZ, CANTÓN GUACHIPILÍN",4,2,84,0.00
B13,78041,"COMPLEJO EDUCATIVO CASERÍO MARADIAGA, CANTÓN CANDELARIA LEMPA",5,0,95,0.00
B13,78042,CENTRO ESCOLAR CANTÓN SAN PABLO CAÑALES,3,0,46,0.00
B13,78048,CENTRO ESCOLAR CANTÓN LA CRUZ,6,0,70,0.00
B13,78053,"CENTRO ESCOLAR CASERÍO LOMA DE LA CRUZ, CANTÓN SANTA LUCÍA",2,0,43,0.00
B13,78055,CENTRO ESCOLAR CANTÓN LA ESPERANZA,4,0,69,0.00
B13,78073,"CENTRO ESCOLAR GREGORIA HERMINIA, SERAPIO CRISTIAN Y JULIA INÉS CONTRERAS",2,0,37,0.00
B13,78076,"CENTRO ESCOLAR CASERÍO SANTA MARTA, CANTÓN LAS MESAS",2,0,48,0.00
B13,78078,"CENTRO ESCOLAR CASERÍO SAN BARTOLO, CANTÓN SAN CARLOS LEMPA",3,3,66,61.00
B13,78079,CENTRO ESCOLAR CANTÓN SAN FERNANDO,3,0,56,0.00
B13,78082,"CENTRO ESCOLAR CASERÍO EL GRANZAZO, CANTÓN SANTA BARBARA",3,0,41,0.00
B13,78083,"CENTRO ESCOLAR CASERÍO LOS NARANJOS, CANTÓN LAS MESAS",3,0,69,0.00
B16,80001,CENTRO ESCOLAR CANTON APASTEPEQUE,0,0,46,0.00
B16,80004,CENTRO ESCOLAR CANTÓN SAN JUAN 1,0,0,62,0.00
B8,80006,"CENTRO ESCOLAR CASERÍO LA LIMA, CANTÓN EL ZAPOTILLO",4,0,121,0.00
B16,80009,CENTRO ESCOLAR CANTÓN SAN JUAN II,1,0,36,0.00
B8,80012,CENTRO ESCOLAR CANTÓN EL COROZAL,0,0,101,0.00
B16,80013,"CENTRO ESCOLAR CASERÍO RÍO DE LOS BUEYES, CANTÓN COROZAL",2,0,64,0.00
B8,80016,CENTRO ESCOLAR CANTON LAS DELICIAS,2,0,108,0.00
B8,80017,CENTRO ESCOLAR CANTON LOS TALPETATES,6,0,168,0.00
B16,80018,CENTRO ESCOLAR CANTÓN SAN FELIPE,2,0,44,0.00
B8,80019,"CENTRO ESCOLAR CASERÍO PAJUILAR, CANTÓN SAN FELIPE",2,0,129,0.00
B16,80020,CENTRO ESCOLAR ALFREDO RAMÍREZ,2,0,89,0.00
B16,80021,"CENTRO ESCOLAR CASERÍO EL ZAPOTE, CANTÓN SAN FRANCISCO",0,0,30,0.00
B16,80025,"CENTRO ESCOLAR CASERÍO HACIENDA LA MEDIAGUA, CANTÓN SAN LORENZO",1,0,100,0.00
B16,80028,CENTRO ESCOLAR CANTON VIRGINIA,0,0,62,0.00
B16,80029,"CENTRO ESCOLAR CASERIO COLONIA LA CHICHARRA, CANTÓN SAN FRANCISCO",0,0,51,0.00
B16,80035,"CENTRO ESCOLAR CASERÍO MIRAMAR, CANTÓN SAN ANTONIO",2,0,36,0.00
B16,80038,CENTRO ESCOLAR CANTON EL JICARITO,0,0,40,0.00
B16,80039,"CENTRO ESCOLAR CASERIO PUEBLO, NUEVO CANTÓN EL MACULIS",3,0,35,0.00
B8,80041,"CENTRO ESCOLAR CASERIO LOS NARANJOS, CANTÓN LOS ENCUENTROS",2,0,89,0.00
B16,80043,CENTRO ESCOLAR CANTÓN CONDADILLO,3,0,76,0.00
B16,80045,CENTRO ESCOLAR CANTÓN EL OJUSTHE,2,0,55,0.00
B16,80048,CENTRO ESCOLAR CANTÓN LA CRUZ,4,0,56,0.00
B16,80050,CENTRO ESCOLAR CANTÓN SAN PEDRO,0,1,40,0.00
B16,80051,"CENTRO ESCOLAR CASERÍO HACIENDA CHAGUANTIQUE, CANTÓN CABOS NEGROS",0,0,69,0.00
B16,80054,CENTRO ESCOLAR CANTÓN EL CARRIZAL,3,0,25,0.00
B16,80055,CENTRO ESCOLAR CANTÓN COYOLITO,5,0,50,0.00
B16,80058,CENTRO ESCOLAR CANTON SISIGUAYO,6,0,93,0.00
B16,80061,"CENTRO ESCOLAR CASERÍO LAS MESITAS, CANTÓN LA CANOA",3,0,66,0.00
B8,80062,"CENTRO ESCOLAR CASERÍO LEMPAMAR, CANTÓN LA CANOA",1,0,119,0.00
B16,80063,CENTRO ESCOLAR CANTÓN SALINAS DEL POTRERO,4,1,91,0.00
B8,80065,CENTRO ESCOLAR JOSÉ RAMÓN BARAHONA,5,0,120,0.00
B16,80066,"CENTRO ESCOLAR CASERIO NUEVO AMANECER, CANTÓN ZAMORANO",4,0,88,0.00
B16,80067,"CENTRO ESCOLAR CASERÍO CIUDAD ROMERO, CANTÓN ZAMORANO",4,0,83,0.00
B16,80070,CENTRO ESCOLAR CANTÓN SAN JUDAS,0,0,45,0.00
B16,80074,"CENTRO ESCOLAR CASERÍO LOTIFICACIÓN EL ENCANTO, CANTÓN EL JAGUAL",4,0,72,0.00
B8,80079,"CENTRO ESCOLAR CASERÍO PUERTO CABALLO, CANTÓN EL JÍCARO",3,0,138,0.00
B8,80086,COMPLEJO EDUCATIVO ALICIA CISNEROS DE ZELAYANDÍA,6,0,139,0.00
B8,80095,"CENTRO ESCOLAR CASERIO LOS HERNANDEZ, CANTÓN LA PUERTA",2,0,116,0.00
B16,80101,CENTRO ESCOLAR CANTON EL AMATILLO,2,0,42,0.00
B16,80108,CENTRO ESCOLAR CANTÓN CORRAL DE MULAS I,0,0,55,0.00
B8,80109,CENTRO ESCOLAR CANTON LAS MILPAS,4,0,120,0.00
B16,80115,CENTRO ESCOLAR CANTÓN CEIBA DOBLADA,2,0,52,0.00
B16,80121,CENTRO ESCOLAR PRÉIZERDAUL,0,0,73,0.00
B16,80122,CENTRO ESCOLAR CANTON LINARES CAULOTAL,3,0,66,0.00
B16,80126,"CENTRO ESCOLAR CASERIO MUNDO NUEVO, CANTÓN SAN FRANCISCO",2,0,44,0.00
B16,80140,CENTRO ESCOLAR CANTON EL PALMO,4,0,52,0.00
B8,80142,COMPLEJO EDUCATIVO CANTÓN JOBAL HORNOS,0,0,140,0.00
B16,80146,"CENTRO ESCOLAR CASERÍO JARDINES DEL RÍO, CANTÓN MEJICAPA",2,0,59,0.00
B16,80149,"CENTRO ESCOLAR CASERÍO LOS LUNAS, CANTÓN PLAYITAS",2,0,32,0.00
B8,80151,CENTRO ESCOLAR CANTON EL JICARO,4,1,91,0.00
B16,80153,"CENTRO ESCOLAR CASERIO HACIENDA LA VIOLETA, CANTÓN LOS ARENALES",2,1,42,0.00
B16,80155,"CENTRO ESCOLAR CASERÍO LOS DESMONTES, CANTÓN EL OBRAJUELO",1,0,66,0.00
B16,80166,"CENTRO ESCOLAR CASERIO COMUNIDAD EL AMATE II, CANTÓN SANTA BARBARA",4,0,82,0.00
B16,80170,CENTRO ESCOLAR CANTÓN EL CARRIZAL,2,1,79,0.00
B16,80171,"CENTRO ESCOLAR CASERIO LA FLORIDA, CANTÓN PASO DE GUALACHE",3,0,56,0.00
B16,80178,"CENTRO ESCOLAR CASERÍO CAPITÁN LAZO, CANTÓN LAS SALINAS",4,0,82,0.00
B16,80180,"CENTRO ESCOLAR CASERIO AGUA FRIA, CANTÓN EL ZAPOTE",2,0,75,0.00
B9,82001,CENTRO ESCOLAR CANTÓN LA CEIBITA,4,0,156,0.00
B16,82003,"CENTRO ESCOLAR CASERÍO VALLE NUEVO, CANTÓN LA CEIBITA",0,0,50,0.00
B16,82006,CENTRO ESCOLAR CANTON CERRO MIRACAPA,2,0,63,0.00
B16,82009,"CENTRO ESCOLAR CASERÍO LOS RIVERA, CANTÓN CERRO MIRACAPA",0,0,43,0.00
B9,82012,CENTRO ESCOLAR CANTÓN SOLEDAD TERRERO,2,1,110,0.00
B16,82014,CENTRO ESCOLAR CANTÓN SANTA CLARA,0,0,50,0.00
B9,82017,"CENTRO ESCOLAR CASERÍO LAS PALMERAS, CANTÓN BELÉN",4,0,127,0.00
B16,82018,"CENTRO ESCOLAR CASERÍO EL TRIUNFO, CANTÓN GUANASTE",1,0,38,0.00
B16,82022,"COMPLEJO EDUCATIVO CASERÍO AMAPALA, CANTÓN SAN CRISTÓBAL",4,0,53,0.00
B16,82024,"CENTRO ESCOLAR CASERÍO JOYA GRANDE, CANTÓN SAN JUAN",1,0,52,0.00
B16,82025,"CENTRO ESCOLAR CASERÍO LAS MARÍAS, CANTÓN SAN LUISITO",2,0,60,0.00
B15,82028,"CENTRO ESCOLAR CASERÍO EL PICACHO, CANTÓN TEPONAHUASTE",4,0,89,0.00
B16,82033,"CENTRO ESCOLAR HACIENDA TAMERA, CANTÓN HUALAMA",2,0,44,0.00
B16,82037,"CENTRO ESCOLAR CASERÍO EL RODEO, CANTÓN SAN JERONIMO",0,0,31,0.00
B16,82038,CENTRO ESCOLAR CANTÓN SINGALTIQUE,0,0,49,0.00
B16,82043,"CENTRO ESCOLAR CASERÍO LOS RILLITOS, CANTÓN LA ESTRECHURA",0,0,46,0.00
B15,82047,"CENTRO ESCOLAR CASERÍO SAN CARLOS, CANTÓN CALLE NUEVA",2,0,95,0.00
B16,82049,"CENTRO ESCOLAR CASERÍO EL LLANITO, CANTÓN LLANO EL COYOL",0,0,45,0.00
B16,82051,"CENTRO ESCOLAR CASERÍO VADO MARÍN, CANTÓN MOROPALA",0,0,45,0.00
B16,82055,CENTRO ESCOLAR CANTÓN PIEDRA PACHA,0,0,32,0.00
B15,82062,"CENTRO ESCOLAR CASERÍO LAS LAJAS, CANTÓN AMAYA",2,0,89,0.00
B15,82063,CENTRO ESCOLAR CANTÓN CONCEPCIÓN,0,0,90,0.00
B16,82064,CENTRO ESCOLAR CANTÓN EL JÍCARO,2,0,54,0.00
B16,82067,"CENTRO ESCOLAR CASERÍO EL CHIRRIÓN, CANTÓN EL PALÓN",2,0,60,0.00
B15,82068,CENTRO ESCOLAR CANTÓN LAS VENTAS,0,0,78,0.00
B16,82073,CENTRO ESCOLAR CANTÓN EL MOGOTE,0,3,48,41.00
B9,82078,COMPLEJO EDUCATIVO CANTÓN EL JOBO,9,0,242,0.00
B16,82079,CENTRO ESCOLAR AMOR Y PAZ,2,0,48,0.00
B16,82080,"CENTRO ESCOLAR CASERÍO AMÉRICA, CANTÓN EL PAPALON",1,0,37,0.00
B16,82085,"CENTRO ESCOLAR CASERÍO LAS POZAS, CANTÓN LOS EJIDOS",0,0,47,0.00
B16,82089,CENTRO ESCOLAR CANTÓN CUCURUCHOS,2,0,79,0.00
B16,82093,CENTRO ESCOLAR CANTÓN EL OJEO,0,0,28,0.00
B16,82096,CENTRO ESCOLAR CANTÓN SAN DIEGO,2,0,58,0.00
B16,82097,"CENTRO ESCOLAR CASERÍO LA LAGUNA, CANTÓN SAN DIEGO",2,0,45,0.00
B9,82099,"CENTRO ESCOLAR CASERÍO EL BAJÍO, CANTÓN SAN MARCOS",2,0,118,0.00
B9,82100,"COMPLEJO EDUCATIVO CASERÍO LA CHORRERA, CANTÓN SAN MARCOS",5,0,184,0.00
B16,82101,"CENTRO ESCOLAR CASERÍO TALPETATE, CANTÓN SAN MARCOS",3,0,69,0.00
B16,82108,"CENTRO ESCOLAR CASERÍO LA VEGA, CANTÓN SAN JERONIMO",0,0,40,0.00
B16,82109,"CENTRO ESCOLAR CASERÍO BELENCITO, CANTÓN SAN JERÓNIMO",0,0,56,0.00
B16,82110,"CENTRO ESCOLAR CASERÍO TIERRA AGRIA, CANTÓN SAN JERONIMO",0,0,40,0.00
B16,82113,"CENTRO ESCOLAR CASERÍO LAS ARADAS, CANTÓN SAN ANTONIO",0,0,29,0.00
B16,82114,"CENTRO ESCOLAR CASERÍO CASAS DE LADRILLO, CANTÓN SAN ANTONIO",2,0,55,0.00
B16,82115,CENTRO ESCOLAR CANTÓN SAN JUAN,0,0,37,0.00
B16,82116,"CENTRO ESCOLAR CASERÍO GUALUCA, CANTÓN EL BRAZO",0,0,29,0.00
B16,82118,"CENTRO ESCOLAR CASERÍO UNO, CANTÓN EL PROGRESO",0,0,43,0.00
B9,82119,"CENTRO ESCOLAR CASERÍO EL MORAL, CANTÓN TECOMATAL",3,0,117,0.00
B16,82120,"CENTRO ESCOLAR CASERÍO AGUA SALADA, CANTÓN LAS DELICIAS",0,0,38,0.00
B15,82123,"CENTRO ESCOLAR CASERÍO EL MACHO, CANTÓN LOS ZELAYA",0,0,83,0.00
B9,82126,"CENTRO ESCOLAR CASERÍO EL MANGO, CANTÓN SANTA CLARA",2,0,98,0.00
B9,82128,COMPLEJO EDUCATIVO MARDOQUEO PORTILLO,7,0,220,0.00
B16,82130,CENTRO ESCOLAR CANTÓN EL ESPÍRITU SANTO,2,0,50,0.00
B16,82131,"CENTRO ESCOLAR CASERÍO SAN ANDRES, CANTÓN EL TABLON",2,0,57,0.00
B16,82135,"CENTRO ESCOLAR CASERÍO LA MAJADA, CANTÓN LAS MESAS",2,0,68,0.00
B9,82138,COMPLEJO EDUCATIVO CANTÓN MANAGUARA,5,0,149,0.00
B9,82139,"CENTRO ESCOLAR CASERÍO CORDONCILLO, CANTÓN MANAGUARA",2,0,123,0.00
B15,82141,CENTRO ESCOLAR CANTÓN MAZATEPEQUE,2,0,75,0.00
B16,82142,"CENTRO ESCOLAR CASERÍO SAN JORGE, CANTÓN MAZATEPEQUE",0,0,53,0.00
B16,82143,"CENTRO ESCOLAR CASERÍO EL COYOL, CANTÓN MAZATEPEQUE",1,0,38,0.00
B16,82145,"CENTRO ESCOLAR CASERÍO SANTA CRUZ, CANTÓN MINITAS",3,0,51,0.00
B16,82147,"CENTRO ESCOLAR CASERÍO LOS VILLACORTA, CANTÓN SANTA ROSA",0,0,41,0.00
B16,82148,CENTRO ESCOLAR CANTÓN EL CAHUANO,1,0,72,0.00
B16,82153,"CENTRO ESCOLAR CASERÍO EL CHIRRIÓN, CANTÓN PIEDRA AZUL",0,0,34,0.00
B16,82157,"CENTRO ESCOLAR CASERÍO SICAHUITE, CANTÓN SAN DIEGO",2,0,39,0.00
B15,84005,"CENTRO ESCOLAR CASERÍO FLOR DEL MUERTO, CANTÓN AGUA BLANCA",4,0,93,0.00
B15,84007,CENTRO ESCOLAR CANTÓN CALAVERA,3,0,78,0.00
B15,84008,"CENTRO ESCOLAR CASERÍO JIMILILE, CANTÓN CALAVERA",2,0,69,0.00
B15,84009,CENTRO ESCOLAR ASUNCIÓN MOLINA,3,0,51,0.00
B15,84011,"CENTRO ESCOLAR CASERÍO LOS FUENTES, CANTÓN SUNSULACA",5,1,102,0.00
B15,84013,"CENTRO ESCOLAR CASERÍO CERRO DE NUBE, CANTÓN CORRALITO",3,0,52,0.00
B10,84015,"CENTRO ESCOLAR CASERÍO ALTOS DEL AGUACATE, CANTÓN CORRALITO",5,0,135,0.00
B15,84019,"CENTRO ESCOLAR CASERÍO MATAPALOS 2, CANTÓN CORRALITO",2,0,37,0.00
B10,84021,"CENTRO ESCOLAR CASERÍO LA TORTUGA, CANTÓN HONDABLE",3,0,117,0.00
B15,84022,"CENTRO ESCOLAR CASERÍO LA PATERNA, CANTÓN HONDABLE",3,0,39,0.00
B15,84023,"CENTRO ESCOLAR CASERÍO LLANO VERDE, CANTÓN HONDABLE",0,0,34,0.00
B15,84026,"CENTRO ESCOLAR CASERÍO LOS FUENTES, CANTÓN LA LAGUNA",2,0,57,0.00
B15,84030,"CENTRO ESCOLAR CASERÍO BABILONIA, CANTÓN SAN FELIPE",3,0,59,0.00
B15,84031,"CENTRO ESCOLAR CASERÍO LOS VILLATORO, CANTÓN SAN FELIPE",4,0,85,0.00
B15,84032,"CENTRO ESCOLAR CASERÍO LOS MÉNDEZ, CANTÓN VARILLA NEGRA",4,0,63,0.00
B15,84035,CENTRO ESCOLAR CANTÓN JOYA DEL MATAZANO,3,0,52,0.00
B15,84037,"CENTRO ESCOLAR CASERÍO LOS MATA, CANTÓN LAJITAS",2,0,33,0.00
B10,84039,CENTRO ESCOLAR CANTÓN PIEDRA PARADA,5,0,162,0.00
B10,84040,"COMPLEJO EDUCATIVO CASERÍO LOS SÁNCHEZ, CANTÓN PIEDRA PARADA",6,0,141,0.00
B15,84041,CENTRO ESCOLAR CANTÓN LA CUCHILLA,5,0,100,0.00
B15,84043,"CENTRO ESCOLAR CASERÍO LOS VENTURA, CANTÓN EL VOLCÁN",4,0,86,0.00
B15,84046,CENTRO ESCOLAR CANTON LA JOYA,2,0,60,0.00
B15,84048,"CENTRO ESCOLAR CASERÍO EL CHUPADERO, CANTÓN LA JOYA",4,0,48,0.00
B10,84050,COMPLEJO EDUCATIVO CANTÓN LOS ABELINES,8,0,238,0.00
B10,84054,"CENTRO ESCOLAR CASERÍO EL BOTIJÓN, CANTÓN PAJIGUA ARRIBA",6,0,148,0.00
B15,84059,"CENTRO ESCOLAR CASERÍO EL CAPULÍN, CANTÓN VOLCANCILLO",2,0,33,0.00
B15,84065,"CENTRO ESCOLAR CASERÍO EL LIMÓN, CANTÓN EL ZAPOTAL",3,0,45,0.00
B15,84068,"CENTRO ESCOLAR CASERÍO EL VOLCANCILLO, CANTÓN EL VOLCANCILLO",4,0,78,0.00
B15,84070,"CENTRO ESCOLAR CASERÍO LOS LAZOS, CANTÓN GUACHIPILIN",4,0,60,0.00
B15,84072,"CENTRO ESCOLAR CASERÍO LOS MOLINAS, CANTÓN LOS LAURELES",2,0,58,0.00
B15,84091,CENTRO ESCOLAR CANTÓN EL ROSARIO,5,0,73,0.00
B15,84092,CENTRO ESCOLAR CANTÓN PIEDRA PARADA,4,1,92,0.00
B10,84095,CENTRO ESCOLAR CANTÓN EL CERRO,5,0,98,0.00
B10,84096,COMPLEJO EDUCATIVO CANTÓN VALLE GRANDE,13,11,339,326.00
B10,84097,"CENTRO ESCOLAR CASERÍO EL MATAZANO, CANTÓN VALLE GRANDE",5,0,171,0.00
B15,84102,"CENTRO ESCOLAR CASERÍO MARTIN BARO, CANTÓN LA JOYA",2,0,75,0.00
B10,84116,"COMPLEJO EDUCATIVO CASERÍO EL RODEO, CANTÓN ESTANCIA",5,0,203,0.00
B10,84121,"COMPLEJO EDUCATIVO CASERÍO RANCHO QUEMADO, CANTÓN CASA BLANCA",10,0,339,0.00
B15,84123,CENTRO ESCOLAR MARÍA MERCEDES VENTURA BLANCO,5,0,93,0.00
B10,84126,CENTRO ESCOLAR MARÍA PAZ CRISTINA MONTES,8,0,348,0.00
B15,86004,"CENTRO ESCOLAR CASERÍO LA MONTAÑITA , CANTÓN AGUA BLANCA",0,0,47,0.00
B10,86005,"CENTRO ESCOLAR CASERÍO LOS BENITEZ, CANTÓN AGUA BLANCA",3,0,160,0.00
B15,86007,"CENTRO ESCOLAR CASERÍO LOS CRUZ , CANTÓN CEDRO",0,2,39,39.00
B10,86009,"CENTRO ESCOLAR CASERÍO LOS GARCÍA, CANTÓN EL CARBONAL",2,0,89,0.00
B15,86014,"CENTRO ESCOLAR CASERÍO EL SALITRE, CANTÓN HUERTAS VIEJAS",0,0,60,0.00
B15,86016,"CENTRO ESCOLAR CASERÍO LOS CRUZ , CANTÓN HUERTAS VIEJAS",0,3,31,31.00
B15,86025,CENTRO ESCOLAR CANTÓN CONCHAGUITA,2,0,87,0.00
B15,86026,CENTRO ESCOLAR ISMAEL AVELAR VELÁSQUEZ,1,0,97,0.00
B15,86029,"CENTRO ESCOLAR CASERÍO COLONIA NUEVA ESPERANZA, CANTÓN HUISQUIL",0,0,48,0.00
B15,86030,CENTRO ESCOLAR LUIS ANDRES CACERES,2,0,91,0.00
B15,86036,"CENTRO ESCOLAR CASERÍO EL GUANACASTAL, CANTÓN EL ZAPOTAL",0,0,31,0.00
B15,86049,"CENTRO ESCOLAR CASERÍO LAS CHACHAS, CANTÓN EL JICARO",0,0,37,0.00
B10,86057,CENTRO ESCOLAR CANTÓN EL DERRUMBADO,4,0,129,0.00
B15,86114,CENTRO ESCOLAR CANTÓN BENAVIDES,1,0,43,0.00
B10,86124,"CENTRO ESCOLAR CASERÍO LOS UMAÑA, CANTÓN EL ALGODÓN",2,1,120,0.00
B15,86143,"CENTRO ESCOLAR CASERÍO LA CRIBA, CANTÓN EL CIPRES",0,0,42,0.00
B11,86146,"CENTRO ESCOLAR CASERÍO LOS VÁSQUEZ, CANTÓN DIAMANTE ARRIBA",3,0,63,0.00
B12,86148,"CENTRO ESCOLAR CASERÍO LOS MANGOS, CANTÓN EL PINALÓN",4,0,41,0.00
B12,86151,"CENTRO ESCOLAR CASERÍO SAN MARCOS, CANTÓN SANTO TOMAS",2,0,36,0.00
B12,86153,"CENTRO ESCOLAR CASERÍO SAN ALBERTO, CANTÓN PIEDRA RAJADA",0,0,45,0.00
B11,86155,"CENTRO ESCOLAR CASERÍO COLONIA SAN FRANCISCO, CANTÓN BELEN GUIJAT",2,0,192,0.00
B11,86157,"CENTRO ESCOLAR CASERÍO EL MIRADOR, CANTÓN EL PORTEZUELO",2,0,57,0.00
B12,86159,"CENTRO ESCOLAR CASERÍO VENECIA, CANTÓN PILETAS",2,0,37,0.00
B13,86173,"CENTRO ESCOLAR CASERÍO CHIQUILECA, CANTÓN SIHUAPILAPA",1,0,57,0.00
B13,86220,"CENTRO ESCOLAR CASERIO GUANCORA, CANTON GUARJILA",2,0,62,0.00
B7,86227,COMPLEJO EDUCATIVO LAS VUELTAS,7,0,125,0.00
B7,86229,CENTRO ESCOLAR SAN JOSE LAS FLORES,6,0,137,0.00
B12,86241,CENTRO ESCOLAR CANTÓN SAN JERÓNIMO,0,0,40,0.00
B9,86245,"CENTRO ESCOLAR CASERÍO LOS NARANJOS, CANTÓN CAMOTEPEQUE",1,0,42,0.00
B13,86247,CENTRO ESCOLAR CANTON LOS AMATES,4,0,45,0.00
B7,86249,CENTRO ESCOLAR SAN ANTONIO LOS RANCHOS,7,1,108,0.00
B12,86255,CENTRO ESCOLAR CANTÓN EL CASTAÑO,3,0,74,0.00
B12,86256,"CENTRO ESCOLAR CASERÍO SANTA ISABEL, CANTÓN LA GUACAMAYA",2,0,44,0.00
B12,86257,"CENTRO ESCOLAR HACIENDA LA AGUJA, CANTÓN MIRAVALLE",1,0,28,0.00
B12,86259,CENTRO ESCOLAR CANTÓN CHAGÜITÓN,4,0,60,0.00
B12,86260,"CENTRO ESCOLAR LOTIFICACIÓN PLAYA AMATECAMPO, CANTÓN SAMBOMBERA",0,0,40,0.00
B14,86263,"CENTRO ESCOLAR CASERÍO CATARINA, CANTÓN PARATAO",3,0,51,0.00
B14,86270,"CENTRO ESCOLAR CASERÍO EL JIOTE, CANTÓN LAS MARÍAS",2,0,57,0.00
B12,86272,"CENTRO ESCOLAR CASERÍO LA CAÑADA, CANTÓN SAN JERONIMO",2,0,49,0.00
B11,86289,CENTRO ESCOLAR CANTÓN SOLIMAN,2,0,63,0.00
B12,86290,"CENTRO ESCOLAR CASERÍO LAS MESITAS, CANTÓN CUJUCUYO",0,0,35,0.00
B12,86293,"CENTRO ESCOLAR CASERÍO PALO VERDE, CANTÓN EL PASTE",2,1,44,0.00
B9,86300,"CENTRO ESCOLAR COLONIA LAS FLORES, CANTÓN EL CUCO",4,0,137,0.00
B16,86308,"CENTRO ESCOLAR CASERÍO APAPUERTA, CANTÓN TEPONAHUASTE",0,0,44,0.00
B16,86310,CENTRO ESCOLAR CANTÓN LA CANOA,0,0,47,0.00
B16,86315,"CENTRO ESCOLAR CASERÍO LOS ALEMANES, CANTÓN EL DELIRIO",3,0,32,0.00
B16,86316,"CENTRO ESCOLAR HACIENDA DE JOCO, CANTÓN AZACUALPIA DE JOCO",2,0,34,0.00
B16,86319,"CENTRO ESCOLAR CASERÍO EL CONGO, CANTÓN LA ANCHILA",2,0,34,0.00
B9,86330,CENTRO ESCOLAR CANTÓN EL JUTILLO,0,0,42,0.00
B11,86340,CENTRO ESCOLAR CASERÍO NUEVO NANCE AMARILLO CANTÓN RIO FRIO,2,0,75,0.00
B11,86342,"CENTRO ESCOLAR CASERÍO LOS ALTUVE, CANTÓN GUACHIPILÍN",3,0,68,0.00
B11,86343,"CENTRO ESCOLAR CASERÍO LAS CUEVITAS, CANTÓN EL ROSARIO",2,0,102,0.00
B11,86345,"CENTRO ESCOLAR CASERÍO BRISAS DEL MAR, CANTÓN GARITA PALMERA",2,0,62,0.00
B11,86348,"CENTRO ESCOLAR CASERÍO NUEVO AMANECER, CANTÓN PALO PIQUE",2,0,93,0.00
B12,86349,CENTRO ESCOLAR CANTÓN MONTENEGRO,1,0,54,0.00
B11,86350,"CENTRO ESCOLAR CASERÍO QUEBRADA DE AGUA, CANTÓN MONTE NEGRO",0,0,68,0.00
B15,86359,"CENTRO ESCOLAR CASERÍO YANCOLO, CANTÓN AGUA BLANCA",2,0,30,0.00
B14,86372,CENTRO ESCOLAR CANTÓN SAN FRANCISCO,0,0,47,0.00
B12,86376,CENTRO ESCOLAR CANTÓN SANTA RITA ALMENDRO,3,0,71,0.00
B12,86379,"CENTRO ESCOLAR CASERÍO BORDO CHELE, CANTÓN SAN ANTONIO LOS BLANCOS",1,0,37,0.00
B9,86385,"CENTRO ESCOLAR CASERÍO HUITIUPA, CANTÓN SAN RAFAEL",2,1,39,0.00
B13,86387,"CENTRO ESCOLAR SECTOR LA BOMBA, CANTÓN EL ZACAMIL",4,0,76,0.00
B7,86391,"CENTRO ESCOLAR CASERÍO EL JABALI, CANTÓN GALERA QUEMADA",0,0,91,0.00
B10,86396,CENTRO ESCOLAR CANTÓN SUCHINANGO,0,0,30,0.00
B8,86398,"CENTRO ESCOLAR CASERÍO LAS JOYITAS, CANTÓN SANTA LUCÍA LOS PALONES",0,0,49,0.00
B11,86404,"CENTRO ESCOLAR CASERÍO CEGA, CANTÓN TALCOMUNCA",4,0,129,0.00
B13,86408,CENTRO ESCOLAR CANTÓN NOMBRE DE DIOS,4,0,91,0.00
B16,86413,"CENTRO ESCOLAR CASERÍO BUENA VISTA, CANTÓN APASTEPEQUE",2,0,38,0.00
B13,86420,"CENTRO ESCOLAR CASERÍO EL RINCÓN, CANTÓN LAS ROSAS",3,0,32,0.00
B14,86425,"CENTRO ESCOLAR CASERÍO CERRO EL TORO, CANTÓN LA TRINIDAD",4,0,84,0.00
B14,86434,"CENTRO ESCOLAR CASERÍO LA MONTAÑA, CANTÓN SAN FRANCISCO DEL MONTE",2,2,53,43.00
B13,86440,"CENTRO ESCOLAR COOPERATIVA LOS PINOS, CANTÓN CANGREJERA",3,0,71,0.00
B12,86446,"CENTRO ESCOLAR LOTIFICACIÓN MIRAFLORES III, CANTÓN LA CUCHILLA",0,0,42,0.00
B12,86448,CENTRO ESCOLAR CANTÓN TEPECHAME,0,0,44,0.00
B12,86449,CENTRO ESCOLAR CANTÓN LA ANONA,0,0,31,0.00
B12,86460,CENTRO ESCOLAR CANTÓN FLOR AMARILLA ABAJO,0,0,48,0.00
B12,86478,CENTRO ESCOLAR CANTÓN SAN ANTONIO MASAHUAT,0,0,37,0.00
B12,86482,"CENTRO ESCOLAR COLONIA TRINIDAD, CANTÓN TECOMAPA",0,0,46,0.00
B11,86489,CENTRO ESCOLAR CANTÓN EL TIGRE,2,0,53,0.00
B11,86490,"CENTRO ESCOLAR HACIENDA EL CARMEN, CANTÓN RÍO FRÍO",2,0,118,0.00
B11,86491,"CENTRO ESCOLAR CASERÍO LOS PIN, CANTÓN LOS HUATALES",1,0,35,0.00
B11,86492,"CENTRO ESCOLAR CASERÍO LOS MENDOZA, CANTÓN EL JÍCARO",1,0,42,0.00
B11,86495,"CENTRO ESCOLAR CASERÍO LA CARRASPOSA, CANTÓN EL RODEO",2,0,40,0.00
B11,86496,"CENTRO ESCOLAR COLONIA DIVINA PROVIDENCIA, CANTÓN GUASCOTA",2,0,62,0.00
B11,86499,"CENTRO ESCOLAR CASERÍO GRACIAS A DIOS, CANTÓN LA HACHADURA",3,0,70,0.00
B16,86504,CENTRO ESCOLAR HERMANO ROBERTO COOK,3,0,59,0.00
B16,86506,"CENTRO ESCOLAR CASERÍO EL BAJÍO, CANTÓN EL ZAPOTE",2,0,48,0.00
B16,86511,"CENTRO ESCOLAR LOTIFICACIÓN LAS DELICIAS, CANTÓN EL PAPALON",0,0,42,0.00
B16,86512,"CENTRO ESCOLAR LOTIFICACIÓN EL CARMEN DE AGUA FRÍA II, CANTÓN HATO NUEVO",2,0,67,0.00
B14,86531,"CENTRO ESCOLAR CASERÍO PRIMAVERA, CANTÓN PALACIOS",0,0,39,0.00
B14,86533,"CENTRO ESCOLAR CASERÍO NUEVA CONSOLACION, CANTÓN EL ZAPOTE",3,0,47,0.00
B14,86543,"CENTRO ESCOLAR CASERÍO ARENERA Y LOS REYES, CANTÓN HUERTAS",2,0,53,0.00
B16,86551,"CENTRO ESCOLAR CASERÍO EL MOGOTE, CANTÓN SAN JULIÁN",0,0,42,0.00
B11,86553,CENTRO ESCOLAR CANTÓN EL ROSARIO,3,0,98,0.00